#Timestamp	gCO2/kWh	Fossil [%]	Renewable [%]	EUR/MWh
2024-01-01T00:00:00	168.114	0	0	0.1
2024-01-01T01:00:00	168.591	0	0	0.01
2024-01-01T02:00:00	168.831	0	0	0
2024-01-01T03:00:00	172.358	0	0	-0.01
2024-01-01T04:00:00	173.079	0	0	-0.03
2024-01-01T05:00:00	172.881	0	0	-0.02
2024-01-01T06:00:00	175.435	0	0	-0.05
2024-01-01T07:00:00	174.369	0	0	-0.02
2024-01-01T08:00:00	170.208	0	0	0
2024-01-01T09:00:00	161.29	0	0	0.04
2024-01-01T10:00:00	153.853	0	0	0.06
2024-01-01T11:00:00	147.879	0	0	0.54
2024-01-01T12:00:00	150.032	0	0	2.24
2024-01-01T13:00:00	155.628	0	0	1.96
2024-01-01T14:00:00	165.543	0	0	1.04
2024-01-01T15:00:00	177.304	0	0	3.66
2024-01-01T16:00:00	185.378	0	0	43.06
2024-01-01T17:00:00	185.709	0	0	49.93
2024-01-01T18:00:00	184.862	0	0	58
2024-01-01T19:00:00	187.754	0	0	54.25
2024-01-01T20:00:00	192.943	0	0	48.01
2024-01-01T21:00:00	197.548	0	0	42.95
2024-01-01T22:00:00	201.79	0	0	47.09
2024-01-01T23:00:00	209.379	0	0	35.55
2024-01-02T00:00:00	211.313	0	0	30.59
2024-01-02T01:00:00	214.846	0	0	20.07
2024-01-02T02:00:00	215.177	0	0	31.03
2024-01-02T03:00:00	209.021	0	0	18.39
2024-01-02T04:00:00	199.634	0	0	11.08
2024-01-02T05:00:00	189.379	0	0	13.78
2024-01-02T06:00:00	182.735	0	0	47.63
2024-01-02T07:00:00	179.252	0	0	58.1
2024-01-02T08:00:00	180.967	0	0	65.67
2024-01-02T09:00:00	188.39	0	0	64.73
2024-01-02T10:00:00	194.89	0	0	68.98
2024-01-02T11:00:00	205.248	0	0	73.54
2024-01-02T12:00:00	211.275	0	0	78.16
2024-01-02T13:00:00	218.537	0	0	78.87
2024-01-02T14:00:00	222.172	0	0	79.24
2024-01-02T15:00:00	220.038	0	0	79.96
2024-01-02T16:00:00	212.474	0	0	83.46
2024-01-02T17:00:00	203.259	0	0	80.92
2024-01-02T18:00:00	195.818	0	0	74.95
2024-01-02T19:00:00	182.733	0	0	63.18
2024-01-02T20:00:00	171.289	0	0	57.11
2024-01-02T21:00:00	161.981	0	0	46.89
2024-01-02T22:00:00	158.858	0	0	40
2024-01-02T23:00:00	156.275	0	0	7.43
2024-01-03T00:00:00	160.546	0	0	-0.08
2024-01-03T01:00:00	160.396	0	0	-1.23
2024-01-03T02:00:00	159.373	0	0	-1.3
2024-01-03T03:00:00	158.478	0	0	-1.31
2024-01-03T04:00:00	156.572	0	0	-1.31
2024-01-03T05:00:00	155.407	0	0	-1.38
2024-01-03T06:00:00	147.964	0	0	1.09
2024-01-03T07:00:00	149.815	0	0	40.59
2024-01-03T08:00:00	153.512	0	0	59.61
2024-01-03T09:00:00	155.252	0	0	60.61
2024-01-03T10:00:00	149.171	0	0	57
2024-01-03T11:00:00	144.078	0	0	54.89
2024-01-03T12:00:00	145.447	0	0	53.89
2024-01-03T13:00:00	152.036	0	0	54.42
2024-01-03T14:00:00	155.524	0	0	60.86
2024-01-03T15:00:00	168.074	0	0	67.18
2024-01-03T16:00:00	186.569	0	0	73.59
2024-01-03T17:00:00	200.674	0	0	82.28
2024-01-03T18:00:00	208.456	0	0	82.97
2024-01-03T19:00:00	211.282	0	0	79.03
2024-01-03T20:00:00	209.265	0	0	73.23
2024-01-03T21:00:00	203.163	0	0	67.41
2024-01-03T22:00:00	199.282	0	0	65
2024-01-03T23:00:00	194.149	0	0	58.12
2024-01-04T00:00:00	188.006	0	0	57.3
2024-01-04T01:00:00	181.578	0	0	50.46
2024-01-04T02:00:00	178.818	0	0	40
2024-01-04T03:00:00	179.689	0	0	25.48
2024-01-04T04:00:00	179.399	0	0	35
2024-01-04T05:00:00	185.827	0	0	57.73
2024-01-04T06:00:00	205.903	0	0	72.65
2024-01-04T07:00:00	238.199	0	0	85.02
2024-01-04T08:00:00	256.666	0	0	91.47
2024-01-04T09:00:00	264.303	0	0	94.2
2024-01-04T10:00:00	261.335	0	0	91.61
2024-01-04T11:00:00	256.963	0	0	90.03
2024-01-04T12:00:00	290.634	0	0	86.3
2024-01-04T13:00:00	314.671	0	0	85.96
2024-01-04T14:00:00	346.938	0	0	92.11
2024-01-04T15:00:00	392.469	0	0	98.62
2024-01-04T16:00:00	423.972	0	0	105.73
2024-01-04T17:00:00	438.033	0	0	133.23
2024-01-04T18:00:00	459.366	0	0	144.65
2024-01-04T19:00:00	485.252	0	0	125
2024-01-04T20:00:00	498.14	0	0	103.59
2024-01-04T21:00:00	501.297	0	0	100.01
2024-01-04T22:00:00	483.907	0	0	94.86
2024-01-04T23:00:00	467.56	0	0	88.83
2024-01-05T00:00:00	439.853	0	0	86.08
2024-01-05T01:00:00	415.17	0	0	80.51
2024-01-05T02:00:00	393.927	0	0	77.01
2024-01-05T03:00:00	377.567	0	0	73.21
2024-01-05T04:00:00	364.809	0	0	74.05
2024-01-05T05:00:00	360.848	0	0	76.03
2024-01-05T06:00:00	359.243	0	0	81
2024-01-05T07:00:00	371.958	0	0	87
2024-01-05T08:00:00	372.278	0	0	89.57
2024-01-05T09:00:00	360.104	0	0	94.93
2024-01-05T10:00:00	345.38	0	0	96.28
2024-01-05T11:00:00	327.949	0	0	98.22
2024-01-05T12:00:00	329.105	0	0	92.24
2024-01-05T13:00:00	329.272	0	0	91.54
2024-01-05T14:00:00	341.04	0	0	96.41
2024-01-05T15:00:00	361.022	0	0	100.05
2024-01-05T16:00:00	368.17	0	0	102.97
2024-01-05T17:00:00	367.137	0	0	107.38
2024-01-05T18:00:00	370.267	0	0	108.45
2024-01-05T19:00:00	378.771	0	0	103.96
2024-01-05T20:00:00	390.785	0	0	100.09
2024-01-05T21:00:00	392.995	0	0	94.19
2024-01-05T22:00:00	393.504	0	0	94.92
2024-01-05T23:00:00	384.904	0	0	86.8
2024-01-06T00:00:00	380.883	0	0	82.25
2024-01-06T01:00:00	387.076	0	0	80.2
2024-01-06T02:00:00	388.344	0	0	76.13
2024-01-06T03:00:00	391.98	0	0	73.01
2024-01-06T04:00:00	396.738	0	0	73.01
2024-01-06T05:00:00	402.473	0	0	74.59
2024-01-06T06:00:00	407.52	0	0	75.1
2024-01-06T07:00:00	420.647	0	0	81.39
2024-01-06T08:00:00	439.518	0	0	88.4
2024-01-06T09:00:00	435.431	0	0	92.23
2024-01-06T10:00:00	427.146	0	0	97.3
2024-01-06T11:00:00	428.448	0	0	100.43
2024-01-06T12:00:00	427.061	0	0	99.16
2024-01-06T13:00:00	430.859	0	0	95.22
2024-01-06T14:00:00	433.427	0	0	92.55
2024-01-06T15:00:00	440.417	0	0	95.09
2024-01-06T16:00:00	438.728	0	0	99.85
2024-01-06T17:00:00	432.49	0	0	104.27
2024-01-06T18:00:00	429.252	0	0	103.63
2024-01-06T19:00:00	436.892	0	0	99
2024-01-06T20:00:00	433.062	0	0	92.14
2024-01-06T21:00:00	435.371	0	0	88
2024-01-06T22:00:00	435.876	0	0	86.57
2024-01-06T23:00:00	428.717	0	0	79.87
2024-01-07T00:00:00	420.013	0	0	84.08
2024-01-07T01:00:00	408.011	0	0	79.82
2024-01-07T02:00:00	395.34	0	0	76.76
2024-01-07T03:00:00	394.35	0	0	73.46
2024-01-07T04:00:00	395.269	0	0	71.86
2024-01-07T05:00:00	396.826	0	0	72.08
2024-01-07T06:00:00	390.899	0	0	74.9
2024-01-07T07:00:00	395.874	0	0	77.69
2024-01-07T08:00:00	411.073	0	0	81.79
2024-01-07T09:00:00	426.314	0	0	84.86
2024-01-07T10:00:00	420.602	0	0	87.15
2024-01-07T11:00:00	403.004	0	0	89.14
2024-01-07T12:00:00	398.195	0	0	88.66
2024-01-07T13:00:00	399.333	0	0	84.81
2024-01-07T14:00:00	403.999	0	0	84.34
2024-01-07T15:00:00	414.123	0	0	88.01
2024-01-07T16:00:00	417.943	0	0	93.42
2024-01-07T17:00:00	410.033	0	0	101.77
2024-01-07T18:00:00	409.956	0	0	104.85
2024-01-07T19:00:00	407.142	0	0	103.55
2024-01-07T20:00:00	405.862	0	0	100.5
2024-01-07T21:00:00	401.939	0	0	93.31
2024-01-07T22:00:00	403.316	0	0	91.17
2024-01-07T23:00:00	382.907	0	0	83.86
2024-01-08T00:00:00	365.016	0	0	87.02
2024-01-08T01:00:00	347.815	0	0	84.32
2024-01-08T02:00:00	338.547	0	0	81.82
2024-01-08T03:00:00	331.377	0	0	79.11
2024-01-08T04:00:00	340.615	0	0	78.48
2024-01-08T05:00:00	375.441	0	0	82.1
2024-01-08T06:00:00	414.804	0	0	94.3
2024-01-08T07:00:00	427.347	0	0	111.1
2024-01-08T08:00:00	426.688	0	0	121.11
2024-01-08T09:00:00	409.843	0	0	117.83
2024-01-08T10:00:00	393.538	0	0	110.6
2024-01-08T11:00:00	377.92	0	0	103
2024-01-08T12:00:00	366.635	0	0	95.5
2024-01-08T13:00:00	372.365	0	0	92.6
2024-01-08T14:00:00	389.666	0	0	100
2024-01-08T15:00:00	417.784	0	0	107.98
2024-01-08T16:00:00	432.842	0	0	116.87
2024-01-08T17:00:00	423.636	0	0	129.13
2024-01-08T18:00:00	423.352	0	0	130.01
2024-01-08T19:00:00	432.279	0	0	122.12
2024-01-08T20:00:00	438.958	0	0	114.21
2024-01-08T21:00:00	447.357	0	0	102.83
2024-01-08T22:00:00	456.801	0	0	99.98
2024-01-08T23:00:00	460	0	0	91.49
2024-01-09T00:00:00	466.898	0	0	88.16
2024-01-09T01:00:00	470.71	0	0	87.04
2024-01-09T02:00:00	474.86	0	0	85
2024-01-09T03:00:00	479.331	0	0	84.14
2024-01-09T04:00:00	492.52	0	0	85.72
2024-01-09T05:00:00	504.449	0	0	89.28
2024-01-09T06:00:00	509.205	0	0	108.51
2024-01-09T07:00:00	519.667	0	0	124.06
2024-01-09T08:00:00	512.277	0	0	133.24
2024-01-09T09:00:00	473.088	0	0	120.91
2024-01-09T10:00:00	445.045	0	0	113.19
2024-01-09T11:00:00	435.066	0	0	105.78
2024-01-09T12:00:00	435.37	0	0	100.22
2024-01-09T13:00:00	441.719	0	0	100.82
2024-01-09T14:00:00	466.926	0	0	110.89
2024-01-09T15:00:00	506.261	0	0	119.4
2024-01-09T16:00:00	515.365	0	0	127.85
2024-01-09T17:00:00	504.95	0	0	137.84
2024-01-09T18:00:00	501.827	0	0	137.8
2024-01-09T19:00:00	513.254	0	0	130.43
2024-01-09T20:00:00	525.892	0	0	120.24
2024-01-09T21:00:00	532.4	0	0	111.68
2024-01-09T22:00:00	533.679	0	0	106.18
2024-01-09T23:00:00	537.854	0	0	97.09
2024-01-10T00:00:00	540.181	0	0	89.29
2024-01-10T01:00:00	552.6	0	0	86.76
2024-01-10T02:00:00	552.33	0	0	86.73
2024-01-10T03:00:00	554.641	0	0	86.09
2024-01-10T04:00:00	554.739	0	0	86.3
2024-01-10T05:00:00	554.978	0	0	89.05
2024-01-10T06:00:00	549.242	0	0	108.88
2024-01-10T07:00:00	531.137	0	0	126.29
2024-01-10T08:00:00	524.998	0	0	141.28
2024-01-10T09:00:00	512.19	0	0	130.39
2024-01-10T10:00:00	492.288	0	0	118.56
2024-01-10T11:00:00	475.443	0	0	109.13
2024-01-10T12:00:00	473.116	0	0	102.21
2024-01-10T13:00:00	483.939	0	0	105.61
2024-01-10T14:00:00	512.898	0	0	112.91
2024-01-10T15:00:00	561.528	0	0	123.8
2024-01-10T16:00:00	583.775	0	0	134.64
2024-01-10T17:00:00	569.901	0	0	143.79
2024-01-10T18:00:00	569.479	0	0	140
2024-01-10T19:00:00	579.103	0	0	132.15
2024-01-10T20:00:00	596.455	0	0	120
2024-01-10T21:00:00	612.704	0	0	109.76
2024-01-10T22:00:00	616.336	0	0	104.49
2024-01-10T23:00:00	613.701	0	0	96.03
2024-01-11T00:00:00	610.205	0	0	91.75
2024-01-11T01:00:00	606.304	0	0	88.59
2024-01-11T02:00:00	600.171	0	0	87.25
2024-01-11T03:00:00	597.627	0	0	82.38
2024-01-11T04:00:00	596.523	0	0	81.95
2024-01-11T05:00:00	588.955	0	0	89.36
2024-01-11T06:00:00	580.813	0	0	102.07
2024-01-11T07:00:00	571.544	0	0	116.86
2024-01-11T08:00:00	548.848	0	0	141
2024-01-11T09:00:00	523.197	0	0	129.16
2024-01-11T10:00:00	492.168	0	0	113.65
2024-01-11T11:00:00	475.418	0	0	106.48
2024-01-11T12:00:00	474.813	0	0	99.38
2024-01-11T13:00:00	490.839	0	0	99
2024-01-11T14:00:00	519.725	0	0	105.98
2024-01-11T15:00:00	555.104	0	0	117.96
2024-01-11T16:00:00	573.813	0	0	137.35
2024-01-11T17:00:00	563.105	0	0	150.09
2024-01-11T18:00:00	575.674	0	0	136.69
2024-01-11T19:00:00	595.842	0	0	132.31
2024-01-11T20:00:00	608.17	0	0	117.88
2024-01-11T21:00:00	612.69	0	0	107.19
2024-01-11T22:00:00	612.393	0	0	100
2024-01-11T23:00:00	605.831	0	0	97.22
2024-01-12T00:00:00	602.581	0	0	91.04
2024-01-12T01:00:00	604.736	0	0	88.22
2024-01-12T02:00:00	605.153	0	0	85.22
2024-01-12T03:00:00	610.543	0	0	84.63
2024-01-12T04:00:00	602.482	0	0	84.34
2024-01-12T05:00:00	596.109	0	0	85.32
2024-01-12T06:00:00	585.779	0	0	92.11
2024-01-12T07:00:00	574.345	0	0	118.16
2024-01-12T08:00:00	555.449	0	0	140.74
2024-01-12T09:00:00	538.759	0	0	134.96
2024-01-12T10:00:00	527.441	0	0	122.01
2024-01-12T11:00:00	515.293	0	0	114.73
2024-01-12T12:00:00	511.367	0	0	106.98
2024-01-12T13:00:00	504.854	0	0	103.08
2024-01-12T14:00:00	498.082	0	0	104.54
2024-01-12T15:00:00	511.805	0	0	110
2024-01-12T16:00:00	518.228	0	0	120
2024-01-12T17:00:00	515.66	0	0	127.5
2024-01-12T18:00:00	515.343	0	0	126
2024-01-12T19:00:00	520.852	0	0	119.47
2024-01-12T20:00:00	519.005	0	0	108.79
2024-01-12T21:00:00	502.742	0	0	98.48
2024-01-12T22:00:00	489.63	0	0	93.37
2024-01-12T23:00:00	468.282	0	0	85.38
2024-01-13T00:00:00	464.764	0	0	90
2024-01-13T01:00:00	447.423	0	0	85
2024-01-13T02:00:00	438.338	0	0	82
2024-01-13T03:00:00	416.056	0	0	78.47
2024-01-13T04:00:00	395.312	0	0	75
2024-01-13T05:00:00	391.611	0	0	74.92
2024-01-13T06:00:00	395.468	0	0	78.1
2024-01-13T07:00:00	390.272	0	0	82.22
2024-01-13T08:00:00	379.095	0	0	85.26
2024-01-13T09:00:00	361.27	0	0	75.11
2024-01-13T10:00:00	349.822	0	0	74.21
2024-01-13T11:00:00	338.343	0	0	72.72
2024-01-13T12:00:00	332.738	0	0	70.35
2024-01-13T13:00:00	338.728	0	0	63.67
2024-01-13T14:00:00	335.272	0	0	67.91
2024-01-13T15:00:00	334.043	0	0	68.61
2024-01-13T16:00:00	335.273	0	0	70.78
2024-01-13T17:00:00	331.253	0	0	74.22
2024-01-13T18:00:00	329.788	0	0	75.81
2024-01-13T19:00:00	335.889	0	0	73.82
2024-01-13T20:00:00	343.906	0	0	73.06
2024-01-13T21:00:00	348.593	0	0	70.93
2024-01-13T22:00:00	345.566	0	0	64.3
2024-01-13T23:00:00	332.995	0	0	63.16
2024-01-14T00:00:00	325.306	0	0	64.02
2024-01-14T01:00:00	320.426	0	0	62.11
2024-01-14T02:00:00	316.095	0	0	62.93
2024-01-14T03:00:00	311.31	0	0	64.01
2024-01-14T04:00:00	312.576	0	0	64.67
2024-01-14T05:00:00	319.239	0	0	65.2
2024-01-14T06:00:00	333.553	0	0	67.31
2024-01-14T07:00:00	344.225	0	0	71.66
2024-01-14T08:00:00	353.322	0	0	76.74
2024-01-14T09:00:00	352.015	0	0	81.14
2024-01-14T10:00:00	333.827	0	0	80.63
2024-01-14T11:00:00	307.848	0	0	81.84
2024-01-14T12:00:00	303.319	0	0	80.39
2024-01-14T13:00:00	311.5	0	0	77.04
2024-01-14T14:00:00	320.835	0	0	79.15
2024-01-14T15:00:00	345.953	0	0	82.32
2024-01-14T16:00:00	354.848	0	0	86.62
2024-01-14T17:00:00	351.87	0	0	91.86
2024-01-14T18:00:00	335.332	0	0	96.97
2024-01-14T19:00:00	327.721	0	0	88.91
2024-01-14T20:00:00	321.287	0	0	81
2024-01-14T21:00:00	310.478	0	0	78.6
2024-01-14T22:00:00	305.399	0	0	75.39
2024-01-14T23:00:00	296.658	0	0	67.19
2024-01-15T00:00:00	287.377	0	0	67.9
2024-01-15T01:00:00	284.227	0	0	65
2024-01-15T02:00:00	284.119	0	0	63.94
2024-01-15T03:00:00	279.218	0	0	62.04
2024-01-15T04:00:00	274.767	0	0	62.04
2024-01-15T05:00:00	294.444	0	0	69.25
2024-01-15T06:00:00	311.701	0	0	79.95
2024-01-15T07:00:00	325.558	0	0	83.84
2024-01-15T08:00:00	336.432	0	0	99.3
2024-01-15T09:00:00	340.055	0	0	100.29
2024-01-15T10:00:00	343.999	0	0	94.88
2024-01-15T11:00:00	344.986	0	0	90.26
2024-01-15T12:00:00	347.594	0	0	83.86
2024-01-15T13:00:00	354.447	0	0	82.15
2024-01-15T14:00:00	373.206	0	0	84.5
2024-01-15T15:00:00	396.922	0	0	89.44
2024-01-15T16:00:00	416.86	0	0	97.52
2024-01-15T17:00:00	413.749	0	0	106.46
2024-01-15T18:00:00	419.286	0	0	112.8
2024-01-15T19:00:00	422.136	0	0	110.38
2024-01-15T20:00:00	431.369	0	0	102.42
2024-01-15T21:00:00	434.339	0	0	91.78
2024-01-15T22:00:00	443.626	0	0	89.49
2024-01-15T23:00:00	440.393	0	0	86.43
2024-01-16T00:00:00	445.732	0	0	81.45
2024-01-16T01:00:00	443.714	0	0	81.07
2024-01-16T02:00:00	437.224	0	0	79.92
2024-01-16T03:00:00	438.069	0	0	78.19
2024-01-16T04:00:00	445.51	0	0	76.97
2024-01-16T05:00:00	471.915	0	0	81.45
2024-01-16T06:00:00	481.306	0	0	94.07
2024-01-16T07:00:00	491.99	0	0	114.77
2024-01-16T08:00:00	492.142	0	0	144.11
2024-01-16T09:00:00	493.568	0	0	138.6
2024-01-16T10:00:00	487.608	0	0	122
2024-01-16T11:00:00	486.366	0	0	110
2024-01-16T12:00:00	475.759	0	0	103.43
2024-01-16T13:00:00	478.974	0	0	94.98
2024-01-16T14:00:00	484.705	0	0	96
2024-01-16T15:00:00	501.782	0	0	110.25
2024-01-16T16:00:00	510.281	0	0	111.39
2024-01-16T17:00:00	494.171	0	0	128.15
2024-01-16T18:00:00	486.769	0	0	127.31
2024-01-16T19:00:00	479.289	0	0	111.77
2024-01-16T20:00:00	469.346	0	0	95.49
2024-01-16T21:00:00	454.999	0	0	86.21
2024-01-16T22:00:00	437.957	0	0	82.04
2024-01-16T23:00:00	416.66	0	0	77.69
2024-01-17T00:00:00	394.544	0	0	71.61
2024-01-17T01:00:00	400.59	0	0	71.52
2024-01-17T02:00:00	394.552	0	0	70.69
2024-01-17T03:00:00	392.516	0	0	69.74
2024-01-17T04:00:00	396.738	0	0	69.47
2024-01-17T05:00:00	404.3	0	0	71.06
2024-01-17T06:00:00	421.094	0	0	75.09
2024-01-17T07:00:00	447.914	0	0	84.39
2024-01-17T08:00:00	468.704	0	0	96.5
2024-01-17T09:00:00	483.929	0	0	106.16
2024-01-17T10:00:00	501.574	0	0	110.33
2024-01-17T11:00:00	525.536	0	0	111.1
2024-01-17T12:00:00	544.702	0	0	117.71
2024-01-17T13:00:00	557.497	0	0	121.7
2024-01-17T14:00:00	567.316	0	0	121.74
2024-01-17T15:00:00	581.892	0	0	125.46
2024-01-17T16:00:00	589.704	0	0	128.56
2024-01-17T17:00:00	588.594	0	0	140.52
2024-01-17T18:00:00	599.132	0	0	123.59
2024-01-17T19:00:00	595.988	0	0	114.28
2024-01-17T20:00:00	606.929	0	0	109.8
2024-01-17T21:00:00	611.933	0	0	101.09
2024-01-17T22:00:00	602.803	0	0	94.28
2024-01-17T23:00:00	592.912	0	0	84.17
2024-01-18T00:00:00	587.551	0	0	81.33
2024-01-18T01:00:00	579.553	0	0	77.2
2024-01-18T02:00:00	568.627	0	0	75.29
2024-01-18T03:00:00	561.947	0	0	74.91
2024-01-18T04:00:00	567.43	0	0	77.57
2024-01-18T05:00:00	590.878	0	0	81
2024-01-18T06:00:00	594.387	0	0	91.44
2024-01-18T07:00:00	580.345	0	0	111.55
2024-01-18T08:00:00	556.764	0	0	125.89
2024-01-18T09:00:00	547.415	0	0	122.17
2024-01-18T10:00:00	534.672	0	0	110.9
2024-01-18T11:00:00	537.392	0	0	107.95
2024-01-18T12:00:00	534.555	0	0	93.55
2024-01-18T13:00:00	537.119	0	0	87.62
2024-01-18T14:00:00	541.904	0	0	86.43
2024-01-18T15:00:00	549.129	0	0	94.25
2024-01-18T16:00:00	548.191	0	0	99.52
2024-01-18T17:00:00	517.742	0	0	104.68
2024-01-18T18:00:00	504.134	0	0	103.26
2024-01-18T19:00:00	494.159	0	0	94.53
2024-01-18T20:00:00	487.569	0	0	86.97
2024-01-18T21:00:00	481.129	0	0	83.12
2024-01-18T22:00:00	473.113	0	0	80.93
2024-01-18T23:00:00	435.736	0	0	73.61
2024-01-19T00:00:00	386.517	0	0	70.58
2024-01-19T01:00:00	370.206	0	0	66.95
2024-01-19T02:00:00	354.934	0	0	65.63
2024-01-19T03:00:00	343.228	0	0	62.76
2024-01-19T04:00:00	347.46	0	0	63.32
2024-01-19T05:00:00	351.505	0	0	67.47
2024-01-19T06:00:00	375.458	0	0	77.94
2024-01-19T07:00:00	388.948	0	0	87.17
2024-01-19T08:00:00	383.956	0	0	104.27
2024-01-19T09:00:00	374.893	0	0	103.06
2024-01-19T10:00:00	375.277	0	0	95.15
2024-01-19T11:00:00	373.468	0	0	86.36
2024-01-19T12:00:00	368.412	0	0	76.83
2024-01-19T13:00:00	356.889	0	0	73.35
2024-01-19T14:00:00	362.898	0	0	75.21
2024-01-19T15:00:00	375.976	0	0	77.45
2024-01-19T16:00:00	380.961	0	0	84.69
2024-01-19T17:00:00	359.177	0	0	93.6
2024-01-19T18:00:00	349.521	0	0	91.7
2024-01-19T19:00:00	336.824	0	0	82.23
2024-01-19T20:00:00	318.059	0	0	74
2024-01-19T21:00:00	310.703	0	0	71.12
2024-01-19T22:00:00	303.194	0	0	68.64
2024-01-19T23:00:00	292.547	0	0	64.75
2024-01-20T00:00:00	285.67	0	0	66
2024-01-20T01:00:00	290.409	0	0	63.45
2024-01-20T02:00:00	291.402	0	0	63.54
2024-01-20T03:00:00	291.269	0	0	61.82
2024-01-20T04:00:00	288.066	0	0	61.85
2024-01-20T05:00:00	289.409	0	0	61.75
2024-01-20T06:00:00	290.178	0	0	62.59
2024-01-20T07:00:00	293.769	0	0	66.9
2024-01-20T08:00:00	292.033	0	0	74.82
2024-01-20T09:00:00	280.941	0	0	77.9
2024-01-20T10:00:00	266.61	0	0	71.8
2024-01-20T11:00:00	251.223	0	0	70.77
2024-01-20T12:00:00	237.493	0	0	67.73
2024-01-20T13:00:00	238.384	0	0	68.78
2024-01-20T14:00:00	257.098	0	0	73.39
2024-01-20T15:00:00	290.052	0	0	79.11
2024-01-20T16:00:00	324.059	0	0	87.8
2024-01-20T17:00:00	321.239	0	0	94.93
2024-01-20T18:00:00	314.379	0	0	99.87
2024-01-20T19:00:00	319.294	0	0	91.57
2024-01-20T20:00:00	324.913	0	0	81.97
2024-01-20T21:00:00	320.731	0	0	75.74
2024-01-20T22:00:00	321.754	0	0	74.68
2024-01-20T23:00:00	310.85	0	0	69.13
2024-01-21T00:00:00	278.124	0	0	66.83
2024-01-21T01:00:00	254.789	0	0	57.55
2024-01-21T02:00:00	230.18	0	0	55.15
2024-01-21T03:00:00	227.832	0	0	50.89
2024-01-21T04:00:00	226.897	0	0	48.51
2024-01-21T05:00:00	222.537	0	0	47.45
2024-01-21T06:00:00	222.757	0	0	45.53
2024-01-21T07:00:00	215.703	0	0	43.96
2024-01-21T08:00:00	203.17	0	0	51.36
2024-01-21T09:00:00	190.453	0	0	54.36
2024-01-21T10:00:00	177.882	0	0	46.06
2024-01-21T11:00:00	173.002	0	0	48.67
2024-01-21T12:00:00	172.859	0	0	38.48
2024-01-21T13:00:00	174.233	0	0	37.69
2024-01-21T14:00:00	176.722	0	0	44.3
2024-01-21T15:00:00	186.574	0	0	49.04
2024-01-21T16:00:00	204.426	0	0	49.83
2024-01-21T17:00:00	201.495	0	0	56.65
2024-01-21T18:00:00	202.094	0	0	61.45
2024-01-21T19:00:00	205.209	0	0	58.64
2024-01-21T20:00:00	203.778	0	0	51.5
2024-01-21T21:00:00	201.686	0	0	52.46
2024-01-21T22:00:00	203.384	0	0	50.39
2024-01-21T23:00:00	205.964	0	0	39.46
2024-01-22T00:00:00	198.435	0	0	36.66
2024-01-22T01:00:00	189.016	0	0	22.24
2024-01-22T02:00:00	189.815	0	0	18.62
2024-01-22T03:00:00	187.028	0	0	5.04
2024-01-22T04:00:00	184.157	0	0	5.06
2024-01-22T05:00:00	186.314	0	0	20
2024-01-22T06:00:00	193.201	0	0	40.5
2024-01-22T07:00:00	197.251	0	0	60.47
2024-01-22T08:00:00	196.783	0	0	66.48
2024-01-22T09:00:00	198.702	0	0	57.58
2024-01-22T10:00:00	196.552	0	0	61.55
2024-01-22T11:00:00	191.986	0	0	60.6
2024-01-22T12:00:00	184.86	0	0	56.92
2024-01-22T13:00:00	184.724	0	0	56.72
2024-01-22T14:00:00	187.033	0	0	58.23
2024-01-22T15:00:00	191.566	0	0	59.73
2024-01-22T16:00:00	199.474	0	0	59.99
2024-01-22T17:00:00	210.51	0	0	70.94
2024-01-22T18:00:00	210.035	0	0	77.35
2024-01-22T19:00:00	212.134	0	0	71.99
2024-01-22T20:00:00	208.385	0	0	66.65
2024-01-22T21:00:00	198.972	0	0	57
2024-01-22T22:00:00	196.451	0	0	55.89
2024-01-22T23:00:00	193.353	0	0	49.88
2024-01-23T00:00:00	191.543	0	0	16.23
2024-01-23T01:00:00	199.59	0	0	10.1
2024-01-23T02:00:00	210.144	0	0	9.37
2024-01-23T03:00:00	207.098	0	0	4.17
2024-01-23T04:00:00	207.932	0	0	10.22
2024-01-23T05:00:00	215.487	0	0	39.23
2024-01-23T06:00:00	232.744	0	0	59.76
2024-01-23T07:00:00	242.262	0	0	76.42
2024-01-23T08:00:00	243.431	0	0	69.82
2024-01-23T09:00:00	238.934	0	0	69.93
2024-01-23T10:00:00	230.421	0	0	59.97
2024-01-23T11:00:00	219.115	0	0	59.8
2024-01-23T12:00:00	215.895	0	0	59.14
2024-01-23T13:00:00	218.361	0	0	59.43
2024-01-23T14:00:00	220.935	0	0	62.7
2024-01-23T15:00:00	231.776	0	0	74.63
2024-01-23T16:00:00	247.537	0	0	78.95
2024-01-23T17:00:00	240.868	0	0	81.59
2024-01-23T18:00:00	235.013	0	0	84.51
2024-01-23T19:00:00	220.978	0	0	74.55
2024-01-23T20:00:00	210.695	0	0	61.95
2024-01-23T21:00:00	196.737	0	0	53.74
2024-01-23T22:00:00	193.582	0	0	45.36
2024-01-23T23:00:00	186.872	0	0	33.26
2024-01-24T00:00:00	179.375	0	0	3.05
2024-01-24T01:00:00	177.542	0	0	-0.03
2024-01-24T02:00:00	184.436	0	0	-0.64
2024-01-24T03:00:00	188.723	0	0	-4.41
2024-01-24T04:00:00	192.887	0	0	-4.84
2024-01-24T05:00:00	189.61	0	0	-0.18
2024-01-24T06:00:00	193.162	0	0	14.76
2024-01-24T07:00:00	202.272	0	0	42.09
2024-01-24T08:00:00	202.102	0	0	51.58
2024-01-24T09:00:00	199.975	0	0	50.76
2024-01-24T10:00:00	189.701	0	0	50.1
2024-01-24T11:00:00	178.921	0	0	50.78
2024-01-24T12:00:00	180.205	0	0	39.32
2024-01-24T13:00:00	182.823	0	0	36.44
2024-01-24T14:00:00	186.438	0	0	45.04
2024-01-24T15:00:00	195.313	0	0	49.95
2024-01-24T16:00:00	198.371	0	0	50.8
2024-01-24T17:00:00	207.115	0	0	54.21
2024-01-24T18:00:00	219.27	0	0	53.32
2024-01-24T19:00:00	227.945	0	0	50.09
2024-01-24T20:00:00	223.752	0	0	42.18
2024-01-24T21:00:00	221.408	0	0	40.04
2024-01-24T22:00:00	214.719	0	0	42.01
2024-01-24T23:00:00	216.501	0	0	38.53
2024-01-25T00:00:00	216.747	0	0	44.34
2024-01-25T01:00:00	219.701	0	0	45.06
2024-01-25T02:00:00	221.574	0	0	43.34
2024-01-25T03:00:00	222.677	0	0	44.92
2024-01-25T04:00:00	224.784	0	0	46.22
2024-01-25T05:00:00	241.401	0	0	52.38
2024-01-25T06:00:00	271.774	0	0	69.1
2024-01-25T07:00:00	304.32	0	0	77.65
2024-01-25T08:00:00	317.933	0	0	91.87
2024-01-25T09:00:00	301.979	0	0	87.97
2024-01-25T10:00:00	281.529	0	0	83.95
2024-01-25T11:00:00	274.989	0	0	78.66
2024-01-25T12:00:00	280.956	0	0	74.95
2024-01-25T13:00:00	292.074	0	0	77.86
2024-01-25T14:00:00	323.865	0	0	87.07
2024-01-25T15:00:00	366.766	0	0	93.91
2024-01-25T16:00:00	392.638	0	0	102.46
2024-01-25T17:00:00	397.484	0	0	123.38
2024-01-25T18:00:00	397.808	0	0	115.54
2024-01-25T19:00:00	398.69	0	0	98.79
2024-01-25T20:00:00	396.856	0	0	91.07
2024-01-25T21:00:00	401.275	0	0	86.31
2024-01-25T22:00:00	409.243	0	0	80.43
2024-01-25T23:00:00	402.464	0	0	75.16
2024-01-26T00:00:00	381.931	0	0	62.8
2024-01-26T01:00:00	368.876	0	0	62
2024-01-26T02:00:00	357.627	0	0	58.49
2024-01-26T03:00:00	348.046	0	0	57.73
2024-01-26T04:00:00	333.681	0	0	57.07
2024-01-26T05:00:00	318.417	0	0	52.16
2024-01-26T06:00:00	303.921	0	0	59.37
2024-01-26T07:00:00	292.907	0	0	71.12
2024-01-26T08:00:00	275.809	0	0	76.59
2024-01-26T09:00:00	257.915	0	0	70.58
2024-01-26T10:00:00	246.417	0	0	61.61
2024-01-26T11:00:00	224.823	0	0	59.14
2024-01-26T12:00:00	216.301	0	0	52.28
2024-01-26T13:00:00	213.489	0	0	46.47
2024-01-26T14:00:00	211.453	0	0	49.28
2024-01-26T15:00:00	217.503	0	0	50.11
2024-01-26T16:00:00	221.717	0	0	52.74
2024-01-26T17:00:00	233.56	0	0	60.7
2024-01-26T18:00:00	249.481	0	0	58.75
2024-01-26T19:00:00	263.027	0	0	64.96
2024-01-26T20:00:00	269.596	0	0	58.78
2024-01-26T21:00:00	277.128	0	0	62.02
2024-01-26T22:00:00	277.598	0	0	59.58
2024-01-26T23:00:00	275.562	0	0	57.08
2024-01-27T00:00:00	269.463	0	0	55.5
2024-01-27T01:00:00	265.34	0	0	55.03
2024-01-27T02:00:00	262.829	0	0	56.21
2024-01-27T03:00:00	260.379	0	0	55.05
2024-01-27T04:00:00	265.039	0	0	55.74
2024-01-27T05:00:00	275.538	0	0	56.83
2024-01-27T06:00:00	286.619	0	0	59.07
2024-01-27T07:00:00	301.316	0	0	65.91
2024-01-27T08:00:00	298.592	0	0	75.29
2024-01-27T09:00:00	263.99	0	0	72.56
2024-01-27T10:00:00	223.202	0	0	60.06
2024-01-27T11:00:00	203.419	0	0	56.61
2024-01-27T12:00:00	194.841	0	0	55.84
2024-01-27T13:00:00	199.178	0	0	53.88
2024-01-27T14:00:00	231.475	0	0	59.72
2024-01-27T15:00:00	294.588	0	0	72.44
2024-01-27T16:00:00	371.21	0	0	83.62
2024-01-27T17:00:00	387.421	0	0	93.37
2024-01-27T18:00:00	372.602	0	0	95.95
2024-01-27T19:00:00	363.668	0	0	92.53
2024-01-27T20:00:00	356.113	0	0	84.42
2024-01-27T21:00:00	357.045	0	0	76.07
2024-01-27T22:00:00	346.451	0	0	75.97
2024-01-27T23:00:00	337.402	0	0	72.7
2024-01-28T00:00:00	338.191	0	0	66.77
2024-01-28T01:00:00	337.358	0	0	60.92
2024-01-28T02:00:00	337.056	0	0	59.65
2024-01-28T03:00:00	346.314	0	0	59.94
2024-01-28T04:00:00	343.853	0	0	61.4
2024-01-28T05:00:00	342.165	0	0	64.11
2024-01-28T06:00:00	332.55	0	0	60.53
2024-01-28T07:00:00	320.38	0	0	59.64
2024-01-28T08:00:00	287.328	0	0	59.63
2024-01-28T09:00:00	239.481	0	0	55.08
2024-01-28T10:00:00	205.357	0	0	51.16
2024-01-28T11:00:00	190.933	0	0	45.75
2024-01-28T12:00:00	191.721	0	0	41.58
2024-01-28T13:00:00	200.952	0	0	40.09
2024-01-28T14:00:00	220.96	0	0	50.65
2024-01-28T15:00:00	265.427	0	0	56.41
2024-01-28T16:00:00	327.897	0	0	68.87
2024-01-28T17:00:00	317.76	0	0	77.84
2024-01-28T18:00:00	290.701	0	0	71.93
2024-01-28T19:00:00	272.738	0	0	69.88
2024-01-28T20:00:00	264.438	0	0	68.25
2024-01-28T21:00:00	257.498	0	0	57.17
2024-01-28T22:00:00	256.107	0	0	59.43
2024-01-28T23:00:00	258.068	0	0	56
2024-01-29T00:00:00	256.842	0	0	49.97
2024-01-29T01:00:00	260.345	0	0	47.26
2024-01-29T02:00:00	270.057	0	0	48.12
2024-01-29T03:00:00	274.826	0	0	47.97
2024-01-29T04:00:00	294.791	0	0	51.58
2024-01-29T05:00:00	331.858	0	0	60.06
2024-01-29T06:00:00	363.735	0	0	80
2024-01-29T07:00:00	373.643	0	0	93.57
2024-01-29T08:00:00	364.515	0	0	99.17
2024-01-29T09:00:00	343.294	0	0	88.39
2024-01-29T10:00:00	314.098	0	0	78.9
2024-01-29T11:00:00	304.745	0	0	71.27
2024-01-29T12:00:00	308.501	0	0	70.24
2024-01-29T13:00:00	332.265	0	0	74.99
2024-01-29T14:00:00	378.411	0	0	82.55
2024-01-29T15:00:00	441.622	0	0	97.6
2024-01-29T16:00:00	477.552	0	0	108.43
2024-01-29T17:00:00	474.837	0	0	127.42
2024-01-29T18:00:00	459.459	0	0	117.3
2024-01-29T19:00:00	453.582	0	0	107.52
2024-01-29T20:00:00	448.945	0	0	91.98
2024-01-29T21:00:00	444.644	0	0	86.79
2024-01-29T22:00:00	441.279	0	0	83.42
2024-01-29T23:00:00	424.485	0	0	80.29
2024-01-30T00:00:00	414.642	0	0	71.94
2024-01-30T01:00:00	409.723	0	0	68.79
2024-01-30T02:00:00	399.72	0	0	69.37
2024-01-30T03:00:00	392.97	0	0	67.44
2024-01-30T04:00:00	388.651	0	0	67.18
2024-01-30T05:00:00	395.72	0	0	69.37
2024-01-30T06:00:00	413.13	0	0	78.43
2024-01-30T07:00:00	407.296	0	0	90.6
2024-01-30T08:00:00	386.88	0	0	95.93
2024-01-30T09:00:00	355.939	0	0	84.93
2024-01-30T10:00:00	318.66	0	0	77.15
2024-01-30T11:00:00	300.855	0	0	70.1
2024-01-30T12:00:00	301.021	0	0	68.1
2024-01-30T13:00:00	311.273	0	0	68.23
2024-01-30T14:00:00	335.033	0	0	71.93
2024-01-30T15:00:00	360.433	0	0	79.49
2024-01-30T16:00:00	372.284	0	0	82.36
2024-01-30T17:00:00	362.727	0	0	88.17
2024-01-30T18:00:00	352.684	0	0	99.23
2024-01-30T19:00:00	351.822	0	0	91.91
2024-01-30T20:00:00	351.89	0	0	86.04
2024-01-30T21:00:00	356.752	0	0	78
2024-01-30T22:00:00	349.69	0	0	75.01
2024-01-30T23:00:00	344.761	0	0	71.51
2024-01-31T00:00:00	355.439	0	0	71.73
2024-01-31T01:00:00	355.378	0	0	70.19
2024-01-31T02:00:00	356.413	0	0	70.89
2024-01-31T03:00:00	365.258	0	0	69.82
2024-01-31T04:00:00	377.844	0	0	69.14
2024-01-31T05:00:00	403.925	0	0	73.82
2024-01-31T06:00:00	426.515	0	0	84.85
2024-01-31T07:00:00	421.79	0	0	108.17
2024-01-31T08:00:00	416.271	0	0	119.93
2024-01-31T09:00:00	404.513	0	0	93.61
2024-01-31T10:00:00	384.007	0	0	82.98
2024-01-31T11:00:00	356.98	0	0	77.09
2024-01-31T12:00:00	341.21	0	0	74.91
2024-01-31T13:00:00	339.435	0	0	67.66
2024-01-31T14:00:00	335.961	0	0	66.69
2024-01-31T15:00:00	340.49	0	0	75.87
2024-01-31T16:00:00	352.016	0	0	81.62
2024-01-31T17:00:00	350.376	0	0	87.91
2024-01-31T18:00:00	327.171	0	0	86.78
2024-01-31T19:00:00	311.249	0	0	73.65
2024-01-31T20:00:00	298.792	0	0	66.03
2024-01-31T21:00:00	286.738	0	0	56.96
2024-01-31T22:00:00	257.832	0	0	54.08
2024-01-31T23:00:00	248.434	0	0	39.73
2024-02-01T00:00:00	243.575	0	0	47.06
2024-02-01T01:00:00	241.929	0	0	41.12
2024-02-01T02:00:00	238.603	0	0	42.16
2024-02-01T03:00:00	241.608	0	0	43.05
2024-02-01T04:00:00	247.983	0	0	46.91
2024-02-01T05:00:00	263.192	0	0	55.34
2024-02-01T06:00:00	287.407	0	0	69.01
2024-02-01T07:00:00	309.546	0	0	86.12
2024-02-01T08:00:00	315.722	0	0	92.5
2024-02-01T09:00:00	317.416	0	0	86.29
2024-02-01T10:00:00	302.917	0	0	83.67
2024-02-01T11:00:00	283.911	0	0	77.22
2024-02-01T12:00:00	271.026	0	0	67.6
2024-02-01T13:00:00	275.124	0	0	57.26
2024-02-01T14:00:00	283.333	0	0	68.74
2024-02-01T15:00:00	299.659	0	0	75.07
2024-02-01T16:00:00	330.129	0	0	77.05
2024-02-01T17:00:00	345.318	0	0	91.61
2024-02-01T18:00:00	345.943	0	0	94.67
2024-02-01T19:00:00	343.151	0	0	97.89
2024-02-01T20:00:00	340.701	0	0	89.97
2024-02-01T21:00:00	347.313	0	0	83.29
2024-02-01T22:00:00	345.939	0	0	81.88
2024-02-01T23:00:00	330.103	0	0	73.38
2024-02-02T00:00:00	307.582	0	0	64.27
2024-02-02T01:00:00	296.407	0	0	59.94
2024-02-02T02:00:00	294.878	0	0	58
2024-02-02T03:00:00	289.709	0	0	54.69
2024-02-02T04:00:00	284.716	0	0	53.23
2024-02-02T05:00:00	278.096	0	0	55.07
2024-02-02T06:00:00	289.89	0	0	66.94
2024-02-02T07:00:00	292.673	0	0	76.99
2024-02-02T08:00:00	281.337	0	0	89.32
2024-02-02T09:00:00	271.573	0	0	85.9
2024-02-02T10:00:00	254.716	0	0	80.77
2024-02-02T11:00:00	233.913	0	0	75.15
2024-02-02T12:00:00	220.096	0	0	64.8
2024-02-02T13:00:00	212.191	0	0	56.52
2024-02-02T14:00:00	209.437	0	0	54.83
2024-02-02T15:00:00	217.272	0	0	53.09
2024-02-02T16:00:00	235.979	0	0	52.73
2024-02-02T17:00:00	240.879	0	0	58.5
2024-02-02T18:00:00	241.985	0	0	68.97
2024-02-02T19:00:00	244.973	0	0	63.34
2024-02-02T20:00:00	249.325	0	0	55.06
2024-02-02T21:00:00	237.38	0	0	49.68
2024-02-02T22:00:00	231.939	0	0	46.03
2024-02-02T23:00:00	229.409	0	0	36.05
2024-02-03T00:00:00	209.695	0	0	24.74
2024-02-03T01:00:00	201.555	0	0	12.85
2024-02-03T02:00:00	201.326	0	0	6.73
2024-02-03T03:00:00	201.335	0	0	10.51
2024-02-03T04:00:00	205.07	0	0	8.53
2024-02-03T05:00:00	210.334	0	0	8.8
2024-02-03T06:00:00	212.405	0	0	16.48
2024-02-03T07:00:00	214.594	0	0	34.17
2024-02-03T08:00:00	215.019	0	0	45.99
2024-02-03T09:00:00	202.923	0	0	45.97
2024-02-03T10:00:00	188.113	0	0	35.62
2024-02-03T11:00:00	178.905	0	0	30.42
2024-02-03T12:00:00	174.512	0	0	30.58
2024-02-03T13:00:00	174.409	0	0	30.62
2024-02-03T14:00:00	176.39	0	0	40.74
2024-02-03T15:00:00	187.266	0	0	43.7
2024-02-03T16:00:00	200.607	0	0	49.36
2024-02-03T17:00:00	213.922	0	0	57.83
2024-02-03T18:00:00	221.531	0	0	68.57
2024-02-03T19:00:00	227.598	0	0	65.98
2024-02-03T20:00:00	217.033	0	0	54.37
2024-02-03T21:00:00	207.524	0	0	51.21
2024-02-03T22:00:00	202.972	0	0	50.81
2024-02-03T23:00:00	207.101	0	0	38.71
2024-02-04T00:00:00	208.578	0	0	35.3
2024-02-04T01:00:00	201.609	0	0	10.04
2024-02-04T02:00:00	200.868	0	0	3.23
2024-02-04T03:00:00	201.173	0	0	0.68
2024-02-04T04:00:00	204.721	0	0	0
2024-02-04T05:00:00	209.095	0	0	0
2024-02-04T06:00:00	203.382	0	0	0
2024-02-04T07:00:00	195.763	0	0	1.05
2024-02-04T08:00:00	186.78	0	0	8.87
2024-02-04T09:00:00	175.375	0	0	9.83
2024-02-04T10:00:00	169.11	0	0	10.87
2024-02-04T11:00:00	165.716	0	0	12.81
2024-02-04T12:00:00	165.434	0	0	13.82
2024-02-04T13:00:00	168.377	0	0	4.62
2024-02-04T14:00:00	172.268	0	0	9.72
2024-02-04T15:00:00	177.059	0	0	15.72
2024-02-04T16:00:00	181.191	0	0	18.43
2024-02-04T17:00:00	180.667	0	0	38.91
2024-02-04T18:00:00	178.578	0	0	46.01
2024-02-04T19:00:00	181.412	0	0	36.17
2024-02-04T20:00:00	180.601	0	0	29.05
2024-02-04T21:00:00	184.344	0	0	24.52
2024-02-04T22:00:00	187.533	0	0	24.44
2024-02-04T23:00:00	191.604	0	0	0.57
2024-02-05T00:00:00	194.427	0	0	0
2024-02-05T01:00:00	194.306	0	0	-0.03
2024-02-05T02:00:00	197.115	0	0	-0.07
2024-02-05T03:00:00	196.529	0	0	-0.13
2024-02-05T04:00:00	195.108	0	0	-0.05
2024-02-05T05:00:00	192.655	0	0	0.42
2024-02-05T06:00:00	194.981	0	0	38.97
2024-02-05T07:00:00	197.27	0	0	58.91
2024-02-05T08:00:00	197.138	0	0	62.32
2024-02-05T09:00:00	186.388	0	0	56.86
2024-02-05T10:00:00	178.013	0	0	52.93
2024-02-05T11:00:00	166.77	0	0	40.15
2024-02-05T12:00:00	153.605	0	0	7.05
2024-02-05T13:00:00	148.995	0	0	1.09
2024-02-05T14:00:00	154.273	0	0	5.01
2024-02-05T15:00:00	168.999	0	0	53.1
2024-02-05T16:00:00	194.814	0	0	60.72
2024-02-05T17:00:00	211.707	0	0	68.47
2024-02-05T18:00:00	211.672	0	0	68.78
2024-02-05T19:00:00	208.655	0	0	61.84
2024-02-05T20:00:00	203.429	0	0	60.48
2024-02-05T21:00:00	196.568	0	0	59.65
2024-02-05T22:00:00	195.827	0	0	56.3
2024-02-05T23:00:00	196.307	0	0	47.41
2024-02-06T00:00:00	188.308	0	0	35.04
2024-02-06T01:00:00	185.788	0	0	27.65
2024-02-06T02:00:00	187.216	0	0	7.08
2024-02-06T03:00:00	185.578	0	0	3.07
2024-02-06T04:00:00	187.851	0	0	1.94
2024-02-06T05:00:00	196.465	0	0	19.38
2024-02-06T06:00:00	209.792	0	0	50
2024-02-06T07:00:00	211.195	0	0	68.16
2024-02-06T08:00:00	206.586	0	0	62
2024-02-06T09:00:00	195.371	0	0	61.35
2024-02-06T10:00:00	185.989	0	0	56.56
2024-02-06T11:00:00	176.327	0	0	51.7
2024-02-06T12:00:00	172.467	0	0	43.47
2024-02-06T13:00:00	172.802	0	0	42.54
2024-02-06T14:00:00	175.002	0	0	40.11
2024-02-06T15:00:00	175.524	0	0	49.91
2024-02-06T16:00:00	184.196	0	0	56.52
2024-02-06T17:00:00	198.749	0	0	62.97
2024-02-06T18:00:00	208.694	0	0	61.96
2024-02-06T19:00:00	207.466	0	0	61.16
2024-02-06T20:00:00	198.072	0	0	59.14
2024-02-06T21:00:00	181.526	0	0	56.44
2024-02-06T22:00:00	178.372	0	0	56.52
2024-02-06T23:00:00	178.063	0	0	52.36
2024-02-07T00:00:00	181.429	0	0	41.17
2024-02-07T01:00:00	185.501	0	0	35.52
2024-02-07T02:00:00	187.832	0	0	34.15
2024-02-07T03:00:00	192.773	0	0	46.59
2024-02-07T04:00:00	205.857	0	0	54.47
2024-02-07T05:00:00	224.275	0	0	59.63
2024-02-07T06:00:00	268.591	0	0	74.83
2024-02-07T07:00:00	296.295	0	0	86.67
2024-02-07T08:00:00	320.037	0	0	87
2024-02-07T09:00:00	340.724	0	0	85.53
2024-02-07T10:00:00	347.539	0	0	81.17
2024-02-07T11:00:00	347.412	0	0	78.01
2024-02-07T12:00:00	355.968	0	0	75.98
2024-02-07T13:00:00	382.66	0	0	79.24
2024-02-07T14:00:00	415.422	0	0	77.99
2024-02-07T15:00:00	457.709	0	0	88.21
2024-02-07T16:00:00	488.686	0	0	97.3
2024-02-07T17:00:00	493.811	0	0	120.05
2024-02-07T18:00:00	493.817	0	0	136.22
2024-02-07T19:00:00	496.579	0	0	109.7
2024-02-07T20:00:00	506.618	0	0	99.91
2024-02-07T21:00:00	499.223	0	0	87.65
2024-02-07T22:00:00	489.467	0	0	83.63
2024-02-07T23:00:00	493.81	0	0	79.21
2024-02-08T00:00:00	500.597	0	0	73.7
2024-02-08T01:00:00	508.097	0	0	73.2
2024-02-08T02:00:00	511.171	0	0	72.15
2024-02-08T03:00:00	516.036	0	0	72.94
2024-02-08T04:00:00	525.4	0	0	73.65
2024-02-08T05:00:00	541.999	0	0	77.85
2024-02-08T06:00:00	554.206	0	0	87.08
2024-02-08T07:00:00	550.548	0	0	110
2024-02-08T08:00:00	539.737	0	0	133.15
2024-02-08T09:00:00	523.581	0	0	113.55
2024-02-08T10:00:00	512.361	0	0	97.79
2024-02-08T11:00:00	496.826	0	0	91.87
2024-02-08T12:00:00	496.289	0	0	89.38
2024-02-08T13:00:00	502.121	0	0	90.98
2024-02-08T14:00:00	516.485	0	0	94.9
2024-02-08T15:00:00	518.883	0	0	94.38
2024-02-08T16:00:00	512.91	0	0	93.01
2024-02-08T17:00:00	498.328	0	0	103
2024-02-08T18:00:00	488.398	0	0	94.67
2024-02-08T19:00:00	475.291	0	0	86.06
2024-02-08T20:00:00	456.639	0	0	83.2
2024-02-08T21:00:00	440.62	0	0	80.61
2024-02-08T22:00:00	411.524	0	0	75.6
2024-02-08T23:00:00	374.828	0	0	65.98
2024-02-09T00:00:00	359.355	0	0	60.43
2024-02-09T01:00:00	350.902	0	0	58.61
2024-02-09T02:00:00	331.516	0	0	55.74
2024-02-09T03:00:00	305.791	0	0	51.61
2024-02-09T04:00:00	295.028	0	0	49.96
2024-02-09T05:00:00	293.105	0	0	52.32
2024-02-09T06:00:00	300.316	0	0	59.08
2024-02-09T07:00:00	322.994	0	0	66.79
2024-02-09T08:00:00	317.538	0	0	70.13
2024-02-09T09:00:00	306.179	0	0	68.37
2024-02-09T10:00:00	294.947	0	0	69.52
2024-02-09T11:00:00	288.037	0	0	69.94
2024-02-09T12:00:00	292.367	0	0	67.85
2024-02-09T13:00:00	314.396	0	0	67.74
2024-02-09T14:00:00	342.056	0	0	73.22
2024-02-09T15:00:00	371.918	0	0	81.56
2024-02-09T16:00:00	393.611	0	0	90.12
2024-02-09T17:00:00	396.272	0	0	95.45
2024-02-09T18:00:00	399.981	0	0	95.45
2024-02-09T19:00:00	404.841	0	0	87.05
2024-02-09T20:00:00	409.144	0	0	80.44
2024-02-09T21:00:00	407.22	0	0	75.2
2024-02-09T22:00:00	405.195	0	0	74.91
2024-02-09T23:00:00	402.421	0	0	70.94
2024-02-10T00:00:00	402.072	0	0	63.1
2024-02-10T01:00:00	419.549	0	0	64.08
2024-02-10T02:00:00	426.386	0	0	64.4
2024-02-10T03:00:00	436.708	0	0	64.39
2024-02-10T04:00:00	448.107	0	0	64.41
2024-02-10T05:00:00	468.218	0	0	65.82
2024-02-10T06:00:00	473.916	0	0	70.91
2024-02-10T07:00:00	476.23	0	0	74.86
2024-02-10T08:00:00	458.79	0	0	77.7
2024-02-10T09:00:00	436.26	0	0	80.38
2024-02-10T10:00:00	416.845	0	0	74.59
2024-02-10T11:00:00	401.689	0	0	69.43
2024-02-10T12:00:00	401.299	0	0	68.3
2024-02-10T13:00:00	405.228	0	0	66.72
2024-02-10T14:00:00	413.672	0	0	69.53
2024-02-10T15:00:00	438.567	0	0	77.17
2024-02-10T16:00:00	453.164	0	0	86.13
2024-02-10T17:00:00	433.901	0	0	88.95
2024-02-10T18:00:00	411.337	0	0	87.62
2024-02-10T19:00:00	402.329	0	0	81.01
2024-02-10T20:00:00	389.413	0	0	74.4
2024-02-10T21:00:00	370.732	0	0	67.84
2024-02-10T22:00:00	361.521	0	0	65.86
2024-02-10T23:00:00	355.978	0	0	63.46
2024-02-11T00:00:00	342.109	0	0	55.48
2024-02-11T01:00:00	321.365	0	0	53.67
2024-02-11T02:00:00	310.193	0	0	52.6
2024-02-11T03:00:00	298.363	0	0	46.83
2024-02-11T04:00:00	296.884	0	0	43.64
2024-02-11T05:00:00	298.89	0	0	46.25
2024-02-11T06:00:00	294.58	0	0	49.19
2024-02-11T07:00:00	302.539	0	0	53.16
2024-02-11T08:00:00	310.563	0	0	55.06
2024-02-11T09:00:00	326.567	0	0	57.97
2024-02-11T10:00:00	330.673	0	0	61.16
2024-02-11T11:00:00	333.612	0	0	65.54
2024-02-11T12:00:00	339.649	0	0	64.6
2024-02-11T13:00:00	347.441	0	0	62.12
2024-02-11T14:00:00	361.172	0	0	63.99
2024-02-11T15:00:00	383.849	0	0	66.3
2024-02-11T16:00:00	424.062	0	0	70.69
2024-02-11T17:00:00	458.861	0	0	78.5
2024-02-11T18:00:00	460.066	0	0	80.74
2024-02-11T19:00:00	456.698	0	0	79.72
2024-02-11T20:00:00	465.138	0	0	76.75
2024-02-11T21:00:00	466.82	0	0	70.72
2024-02-11T22:00:00	459.738	0	0	68.39
2024-02-11T23:00:00	458.997	0	0	64.01
2024-02-12T00:00:00	455.128	0	0	64.35
2024-02-12T01:00:00	454.493	0	0	61.59
2024-02-12T02:00:00	457.846	0	0	60.65
2024-02-12T03:00:00	456.183	0	0	59.39
2024-02-12T04:00:00	457.775	0	0	59.21
2024-02-12T05:00:00	466.246	0	0	65
2024-02-12T06:00:00	473.194	0	0	76
2024-02-12T07:00:00	469.713	0	0	85.41
2024-02-12T08:00:00	454.032	0	0	104
2024-02-12T09:00:00	443.144	0	0	96.5
2024-02-12T10:00:00	432.166	0	0	85.47
2024-02-12T11:00:00	414.304	0	0	79.14
2024-02-12T12:00:00	400.657	0	0	67.37
2024-02-12T13:00:00	398.168	0	0	63.75
2024-02-12T14:00:00	407.47	0	0	63.95
2024-02-12T15:00:00	429.134	0	0	66.4
2024-02-12T16:00:00	463.44	0	0	78.42
2024-02-12T17:00:00	469.474	0	0	93.9
2024-02-12T18:00:00	462.928	0	0	96
2024-02-12T19:00:00	461.606	0	0	89.08
2024-02-12T20:00:00	450.753	0	0	79.15
2024-02-12T21:00:00	451.471	0	0	71.54
2024-02-12T22:00:00	446.535	0	0	65.87
2024-02-12T23:00:00	435.378	0	0	61.9
2024-02-13T00:00:00	419.889	0	0	68.59
2024-02-13T01:00:00	396.591	0	0	65.37
2024-02-13T02:00:00	381.117	0	0	63.41
2024-02-13T03:00:00	378.127	0	0	60.49
2024-02-13T04:00:00	378.908	0	0	60.06
2024-02-13T05:00:00	392.101	0	0	63.59
2024-02-13T06:00:00	415.698	0	0	70.69
2024-02-13T07:00:00	420.697	0	0	82.18
2024-02-13T08:00:00	399.083	0	0	89.1
2024-02-13T09:00:00	353.064	0	0	75.12
2024-02-13T10:00:00	308.648	0	0	69.21
2024-02-13T11:00:00	275.861	0	0	63.87
2024-02-13T12:00:00	267.427	0	0	60.53
2024-02-13T13:00:00	276.497	0	0	60.26
2024-02-13T14:00:00	311.833	0	0	63.1
2024-02-13T15:00:00	372.452	0	0	70.7
2024-02-13T16:00:00	436	0	0	78.36
2024-02-13T17:00:00	457.181	0	0	95.01
2024-02-13T18:00:00	440.318	0	0	99.88
2024-02-13T19:00:00	427.379	0	0	90.99
2024-02-13T20:00:00	422.274	0	0	77.97
2024-02-13T21:00:00	404.789	0	0	71.86
2024-02-13T22:00:00	393.176	0	0	68.39
2024-02-13T23:00:00	386.117	0	0	64.74
2024-02-14T00:00:00	382.692	0	0	60.63
2024-02-14T01:00:00	381.822	0	0	59.34
2024-02-14T02:00:00	373.183	0	0	55.76
2024-02-14T03:00:00	370.562	0	0	54.79
2024-02-14T04:00:00	371.934	0	0	55.06
2024-02-14T05:00:00	384.488	0	0	58.43
2024-02-14T06:00:00	410.388	0	0	63.23
2024-02-14T07:00:00	424.134	0	0	72.74
2024-02-14T08:00:00	416.001	0	0	79.73
2024-02-14T09:00:00	405.314	0	0	69.65
2024-02-14T10:00:00	390.557	0	0	63.86
2024-02-14T11:00:00	373.866	0	0	63.29
2024-02-14T12:00:00	358.953	0	0	62.63
2024-02-14T13:00:00	373.039	0	0	63.82
2024-02-14T14:00:00	394.455	0	0	69.03
2024-02-14T15:00:00	420.703	0	0	72.23
2024-02-14T16:00:00	442.134	0	0	78.54
2024-02-14T17:00:00	447.392	0	0	82.97
2024-02-14T18:00:00	440.244	0	0	87.58
2024-02-14T19:00:00	442.17	0	0	84.47
2024-02-14T20:00:00	443.427	0	0	76.48
2024-02-14T21:00:00	429.431	0	0	69.68
2024-02-14T22:00:00	411.728	0	0	68.2
2024-02-14T23:00:00	387.914	0	0	63.8
2024-02-15T00:00:00	385.979	0	0	61.71
2024-02-15T01:00:00	391.307	0	0	61.13
2024-02-15T02:00:00	390.784	0	0	60.3
2024-02-15T03:00:00	399.144	0	0	59.75
2024-02-15T04:00:00	415.954	0	0	61.94
2024-02-15T05:00:00	443.833	0	0	66.06
2024-02-15T06:00:00	469.976	0	0	72.21
2024-02-15T07:00:00	473.088	0	0	81.57
2024-02-15T08:00:00	454.275	0	0	82.67
2024-02-15T09:00:00	430.67	0	0	78.76
2024-02-15T10:00:00	401.965	0	0	74.18
2024-02-15T11:00:00	376.537	0	0	69.96
2024-02-15T12:00:00	363.891	0	0	66.63
2024-02-15T13:00:00	365.086	0	0	66.19
2024-02-15T14:00:00	398.815	0	0	69.91
2024-02-15T15:00:00	439.718	0	0	75.05
2024-02-15T16:00:00	470.304	0	0	79.05
2024-02-15T17:00:00	469.595	0	0	87
2024-02-15T18:00:00	449.528	0	0	86.91
2024-02-15T19:00:00	444.337	0	0	75.61
2024-02-15T20:00:00	427.652	0	0	70.47
2024-02-15T21:00:00	394.791	0	0	62.97
2024-02-15T22:00:00	372.827	0	0	63.09
2024-02-15T23:00:00	354.077	0	0	58.91
2024-02-16T00:00:00	331.046	0	0	51.76
2024-02-16T01:00:00	310.992	0	0	51.08
2024-02-16T02:00:00	305.626	0	0	49.92
2024-02-16T03:00:00	310.982	0	0	48.81
2024-02-16T04:00:00	315.689	0	0	51.38
2024-02-16T05:00:00	316.14	0	0	53.53
2024-02-16T06:00:00	330.656	0	0	59.15
2024-02-16T07:00:00	340.237	0	0	69.39
2024-02-16T08:00:00	325.69	0	0	70.5
2024-02-16T09:00:00	306.165	0	0	64.84
2024-02-16T10:00:00	282.178	0	0	54.37
2024-02-16T11:00:00	272.523	0	0	53
2024-02-16T12:00:00	259.835	0	0	52.33
2024-02-16T13:00:00	271.153	0	0	52.31
2024-02-16T14:00:00	297.792	0	0	53.78
2024-02-16T15:00:00	328.982	0	0	62.59
2024-02-16T16:00:00	368.204	0	0	69.99
2024-02-16T17:00:00	384.826	0	0	72.58
2024-02-16T18:00:00	382.376	0	0	77.42
2024-02-16T19:00:00	390.121	0	0	76.78
2024-02-16T20:00:00	389.629	0	0	72.47
2024-02-16T21:00:00	385.567	0	0	69.4
2024-02-16T22:00:00	381.348	0	0	68.05
2024-02-16T23:00:00	363.853	0	0	60.02
2024-02-17T00:00:00	360.658	0	0	57.31
2024-02-17T01:00:00	353.085	0	0	57
2024-02-17T02:00:00	347.167	0	0	55.88
2024-02-17T03:00:00	354.009	0	0	54.66
2024-02-17T04:00:00	355.45	0	0	54.62
2024-02-17T05:00:00	351.702	0	0	55.48
2024-02-17T06:00:00	348.135	0	0	55.17
2024-02-17T07:00:00	357.064	0	0	56.9
2024-02-17T08:00:00	356.156	0	0	64.89
2024-02-17T09:00:00	333.223	0	0	63.29
2024-02-17T10:00:00	314.59	0	0	62.02
2024-02-17T11:00:00	300.455	0	0	60.69
2024-02-17T12:00:00	304.683	0	0	58.26
2024-02-17T13:00:00	315.254	0	0	55.25
2024-02-17T14:00:00	343.972	0	0	59.09
2024-02-17T15:00:00	401.748	0	0	68.83
2024-02-17T16:00:00	472.802	0	0	75.03
2024-02-17T17:00:00	505.784	0	0	87.93
2024-02-17T18:00:00	508.543	0	0	110.06
2024-02-17T19:00:00	511.766	0	0	90.28
2024-02-17T20:00:00	528.88	0	0	80.93
2024-02-17T21:00:00	536.7	0	0	74.57
2024-02-17T22:00:00	526.098	0	0	72.44
2024-02-17T23:00:00	486.244	0	0	69.11
2024-02-18T00:00:00	458.602	0	0	62.38
2024-02-18T01:00:00	415.896	0	0	54.81
2024-02-18T02:00:00	378.633	0	0	51.44
2024-02-18T03:00:00	354.35	0	0	50.32
2024-02-18T04:00:00	337.584	0	0	50.19
2024-02-18T05:00:00	323.811	0	0	48.47
2024-02-18T06:00:00	311.52	0	0	46.02
2024-02-18T07:00:00	300.045	0	0	48.97
2024-02-18T08:00:00	265.426	0	0	47.28
2024-02-18T09:00:00	232.082	0	0	43.03
2024-02-18T10:00:00	208.922	0	0	40.45
2024-02-18T11:00:00	201.009	0	0	41
2024-02-18T12:00:00	200.842	0	0	40.1
2024-02-18T13:00:00	210.371	0	0	39.88
2024-02-18T14:00:00	222.546	0	0	42.87
2024-02-18T15:00:00	236.411	0	0	54.29
2024-02-18T16:00:00	272.278	0	0	62.87
2024-02-18T17:00:00	300.488	0	0	72
2024-02-18T18:00:00	299.971	0	0	73.66
2024-02-18T19:00:00	287.393	0	0	70.59
2024-02-18T20:00:00	265.099	0	0	64.71
2024-02-18T21:00:00	246.556	0	0	59.83
2024-02-18T22:00:00	234.809	0	0	57.33
2024-02-18T23:00:00	226.225	0	0	53.94
2024-02-19T00:00:00	213.451	0	0	44
2024-02-19T01:00:00	213.715	0	0	43.04
2024-02-19T02:00:00	220.077	0	0	44.21
2024-02-19T03:00:00	220.736	0	0	43.91
2024-02-19T04:00:00	230.51	0	0	44.92
2024-02-19T05:00:00	252.345	0	0	51.57
2024-02-19T06:00:00	288.582	0	0	68.6
2024-02-19T07:00:00	307.479	0	0	79.09
2024-02-19T08:00:00	303.761	0	0	83.84
2024-02-19T09:00:00	291.747	0	0	75.03
2024-02-19T10:00:00	283.195	0	0	70.83
2024-02-19T11:00:00	270.697	0	0	69.13
2024-02-19T12:00:00	271.265	0	0	62.47
2024-02-19T13:00:00	278.92	0	0	60.99
2024-02-19T14:00:00	301.547	0	0	65.96
2024-02-19T15:00:00	328.183	0	0	69.28
2024-02-19T16:00:00	359.268	0	0	71.51
2024-02-19T17:00:00	370.677	0	0	76.25
2024-02-19T18:00:00	372.82	0	0	97.65
2024-02-19T19:00:00	370.56	0	0	79.98
2024-02-19T20:00:00	364.969	0	0	71.86
2024-02-19T21:00:00	348.499	0	0	67.47
2024-02-19T22:00:00	335.499	0	0	66.27
2024-02-19T23:00:00	321.481	0	0	59.07
2024-02-20T00:00:00	324.322	0	0	58.06
2024-02-20T01:00:00	324.44	0	0	54.32
2024-02-20T02:00:00	322.878	0	0	53.96
2024-02-20T03:00:00	323.181	0	0	53.48
2024-02-20T04:00:00	329.692	0	0	52.99
2024-02-20T05:00:00	342.792	0	0	54.79
2024-02-20T06:00:00	367.282	0	0	70.53
2024-02-20T07:00:00	382.128	0	0	88.4
2024-02-20T08:00:00	375.511	0	0	90.89
2024-02-20T09:00:00	353.167	0	0	78.55
2024-02-20T10:00:00	327.751	0	0	69.84
2024-02-20T11:00:00	290.682	0	0	60.88
2024-02-20T12:00:00	259.56	0	0	53.52
2024-02-20T13:00:00	257.602	0	0	51.42
2024-02-20T14:00:00	267.812	0	0	51.79
2024-02-20T15:00:00	300.326	0	0	56.16
2024-02-20T16:00:00	341.987	0	0	63.08
2024-02-20T17:00:00	365.328	0	0	70.54
2024-02-20T18:00:00	362.356	0	0	71.25
2024-02-20T19:00:00	352.438	0	0	73.47
2024-02-20T20:00:00	327.259	0	0	68.48
2024-02-20T21:00:00	309.796	0	0	61.33
2024-02-20T22:00:00	304.867	0	0	56.86
2024-02-20T23:00:00	296.503	0	0	52.77
2024-02-21T00:00:00	269.162	0	0	50.65
2024-02-21T01:00:00	254.902	0	0	48.47
2024-02-21T02:00:00	257.973	0	0	46.84
2024-02-21T03:00:00	263.052	0	0	44.77
2024-02-21T04:00:00	271.648	0	0	45.39
2024-02-21T05:00:00	306.219	0	0	50.03
2024-02-21T06:00:00	327.964	0	0	66
2024-02-21T07:00:00	324.523	0	0	81.34
2024-02-21T08:00:00	311.301	0	0	85.11
2024-02-21T09:00:00	285.324	0	0	70.34
2024-02-21T10:00:00	256.295	0	0	64.1
2024-02-21T11:00:00	241.845	0	0	60.39
2024-02-21T12:00:00	235.206	0	0	53.01
2024-02-21T13:00:00	246.794	0	0	51.22
2024-02-21T14:00:00	268.095	0	0	53.77
2024-02-21T15:00:00	299.009	0	0	65.6
2024-02-21T16:00:00	325.056	0	0	69.92
2024-02-21T17:00:00	333.602	0	0	69.63
2024-02-21T18:00:00	316.921	0	0	68.58
2024-02-21T19:00:00	302.039	0	0	61.39
2024-02-21T20:00:00	283.726	0	0	52.11
2024-02-21T21:00:00	247.702	0	0	45.98
2024-02-21T22:00:00	216.326	0	0	41.71
2024-02-21T23:00:00	206.373	0	0	35.22
2024-02-22T00:00:00	207.348	0	0	30.47
2024-02-22T01:00:00	208.392	0	0	27.01
2024-02-22T02:00:00	211.614	0	0	27.07
2024-02-22T03:00:00	226.022	0	0	27.95
2024-02-22T04:00:00	252.044	0	0	37
2024-02-22T05:00:00	300.087	0	0	48.05
2024-02-22T06:00:00	334.991	0	0	66.09
2024-02-22T07:00:00	337.827	0	0	76.53
2024-02-22T08:00:00	331.112	0	0	81.91
2024-02-22T09:00:00	315.994	0	0	74.09
2024-02-22T10:00:00	313.096	0	0	71.95
2024-02-22T11:00:00	298.517	0	0	68.53
2024-02-22T12:00:00	285.986	0	0	68.77
2024-02-22T13:00:00	286.352	0	0	68.98
2024-02-22T14:00:00	295.467	0	0	64.65
2024-02-22T15:00:00	297.026	0	0	64.75
2024-02-22T16:00:00	287.106	0	0	63.25
2024-02-22T17:00:00	264.868	0	0	61.76
2024-02-22T18:00:00	251.761	0	0	59.91
2024-02-22T19:00:00	236.282	0	0	52.42
2024-02-22T20:00:00	197.288	0	0	42.45
2024-02-22T21:00:00	175.754	0	0	24.48
2024-02-22T22:00:00	174.559	0	0	12.06
2024-02-22T23:00:00	172.8	0	0	1.91
2024-02-23T00:00:00	175.885	0	0	9.23
2024-02-23T01:00:00	181.235	0	0	1.07
2024-02-23T02:00:00	182.627	0	0	1.19
2024-02-23T03:00:00	181.44	0	0	0.09
2024-02-23T04:00:00	187.863	0	0	0.02
2024-02-23T05:00:00	191.653	0	0	0.09
2024-02-23T06:00:00	216.292	0	0	39.68
2024-02-23T07:00:00	244.879	0	0	57.06
2024-02-23T08:00:00	248.735	0	0	59.35
2024-02-23T09:00:00	243.748	0	0	51.69
2024-02-23T10:00:00	217.673	0	0	46.64
2024-02-23T11:00:00	212.739	0	0	41.65
2024-02-23T12:00:00	221.635	0	0	37.1
2024-02-23T13:00:00	231.044	0	0	33.6
2024-02-23T14:00:00	246.093	0	0	39.08
2024-02-23T15:00:00	252.464	0	0	49.51
2024-02-23T16:00:00	293.62	0	0	63.08
2024-02-23T17:00:00	322.191	0	0	73.8
2024-02-23T18:00:00	321.969	0	0	86.44
2024-02-23T19:00:00	326.824	0	0	84.01
2024-02-23T20:00:00	331.354	0	0	72.97
2024-02-23T21:00:00	340.579	0	0	69.26
2024-02-23T22:00:00	345.111	0	0	67.98
2024-02-23T23:00:00	355.03	0	0	65.1
2024-02-24T00:00:00	378.781	0	0	66.47
2024-02-24T01:00:00	381.745	0	0	63.9
2024-02-24T02:00:00	382.647	0	0	59.5
2024-02-24T03:00:00	385.498	0	0	55.2
2024-02-24T04:00:00	387.061	0	0	55.39
2024-02-24T05:00:00	390.325	0	0	57.1
2024-02-24T06:00:00	394.187	0	0	61.67
2024-02-24T07:00:00	384.532	0	0	66.11
2024-02-24T08:00:00	339.158	0	0	64.4
2024-02-24T09:00:00	301.925	0	0	57.6
2024-02-24T10:00:00	264.229	0	0	49.16
2024-02-24T11:00:00	224.162	0	0	45.84
2024-02-24T12:00:00	202.643	0	0	40.32
2024-02-24T13:00:00	199.227	0	0	32.22
2024-02-24T14:00:00	222.38	0	0	37.6
2024-02-24T15:00:00	254.561	0	0	45
2024-02-24T16:00:00	311.754	0	0	55.95
2024-02-24T17:00:00	355.106	0	0	71.67
2024-02-24T18:00:00	353.396	0	0	80
2024-02-24T19:00:00	351.75	0	0	74.13
2024-02-24T20:00:00	345.492	0	0	65.17
2024-02-24T21:00:00	341.836	0	0	59.94
2024-02-24T22:00:00	335.115	0	0	56.22
2024-02-24T23:00:00	320.189	0	0	52.2
2024-02-25T00:00:00	314.013	0	0	56.57
2024-02-25T01:00:00	312.328	0	0	55.44
2024-02-25T02:00:00	315.462	0	0	55.38
2024-02-25T03:00:00	318.635	0	0	54.89
2024-02-25T04:00:00	330.339	0	0	55.19
2024-02-25T05:00:00	335.417	0	0	55.07
2024-02-25T06:00:00	333.834	0	0	56.71
2024-02-25T07:00:00	335.663	0	0	59.92
2024-02-25T08:00:00	311.216	0	0	61.58
2024-02-25T09:00:00	285.225	0	0	61.82
2024-02-25T10:00:00	259.006	0	0	56.31
2024-02-25T11:00:00	239.388	0	0	54.12
2024-02-25T12:00:00	221.575	0	0	50
2024-02-25T13:00:00	226.451	0	0	46.03
2024-02-25T14:00:00	256.907	0	0	49.84
2024-02-25T15:00:00	317.946	0	0	55
2024-02-25T16:00:00	408.59	0	0	67.8
2024-02-25T17:00:00	473.887	0	0	82.19
2024-02-25T18:00:00	470.3	0	0	93.69
2024-02-25T19:00:00	467.585	0	0	79.18
2024-02-25T20:00:00	479.638	0	0	69.99
2024-02-25T21:00:00	482.58	0	0	65.92
2024-02-25T22:00:00	485.849	0	0	65.23
2024-02-25T23:00:00	474.856	0	0	58.38
2024-02-26T00:00:00	453.341	0	0	57.83
2024-02-26T01:00:00	438.79	0	0	56.82
2024-02-26T02:00:00	427.534	0	0	55.7
2024-02-26T03:00:00	413.118	0	0	51.8
2024-02-26T04:00:00	408.122	0	0	53.3
2024-02-26T05:00:00	428.418	0	0	57.92
2024-02-26T06:00:00	452.34	0	0	70.02
2024-02-26T07:00:00	450.201	0	0	79.9
2024-02-26T08:00:00	421.347	0	0	81.6
2024-02-26T09:00:00	396.11	0	0	73.83
2024-02-26T10:00:00	373.568	0	0	66.65
2024-02-26T11:00:00	357.907	0	0	65.03
2024-02-26T12:00:00	351.562	0	0	58.42
2024-02-26T13:00:00	360.058	0	0	58.19
2024-02-26T14:00:00	378.568	0	0	61.29
2024-02-26T15:00:00	399.97	0	0	64.95
2024-02-26T16:00:00	441.999	0	0	69.99
2024-02-26T17:00:00	448.195	0	0	77
2024-02-26T18:00:00	432.625	0	0	85.32
2024-02-26T19:00:00	430.663	0	0	81.01
2024-02-26T20:00:00	439.07	0	0	72.21
2024-02-26T21:00:00	444.274	0	0	65.69
2024-02-26T22:00:00	452.071	0	0	65.21
2024-02-26T23:00:00	443.049	0	0	60.76
2024-02-27T00:00:00	432.93	0	0	57.62
2024-02-27T01:00:00	442.434	0	0	57.55
2024-02-27T02:00:00	453.116	0	0	57.35
2024-02-27T03:00:00	462.599	0	0	56.87
2024-02-27T04:00:00	478.658	0	0	57.35
2024-02-27T05:00:00	517.541	0	0	63.1
2024-02-27T06:00:00	536.445	0	0	74.31
2024-02-27T07:00:00	529.124	0	0	95.63
2024-02-27T08:00:00	520.116	0	0	95.78
2024-02-27T09:00:00	506.422	0	0	80.81
2024-02-27T10:00:00	486.741	0	0	68.71
2024-02-27T11:00:00	474.657	0	0	64.93
2024-02-27T12:00:00	473.927	0	0	59.26
2024-02-27T13:00:00	475.734	0	0	59.25
2024-02-27T14:00:00	487.564	0	0	64.71
2024-02-27T15:00:00	514.011	0	0	72.06
2024-02-27T16:00:00	551.996	0	0	79.82
2024-02-27T17:00:00	572.858	0	0	98.02
2024-02-27T18:00:00	569.289	0	0	111.8
2024-02-27T19:00:00	570.154	0	0	105.17
2024-02-27T20:00:00	587.512	0	0	84.36
2024-02-27T21:00:00	599.293	0	0	72.37
2024-02-27T22:00:00	595.914	0	0	70.27
2024-02-27T23:00:00	580.417	0	0	64.97
2024-02-28T00:00:00	562.108	0	0	60.36
2024-02-28T01:00:00	561.083	0	0	59.4
2024-02-28T02:00:00	564.992	0	0	61.34
2024-02-28T03:00:00	568.825	0	0	63.46
2024-02-28T04:00:00	574.399	0	0	63.74
2024-02-28T05:00:00	582.484	0	0	67.44
2024-02-28T06:00:00	585.948	0	0	74.3
2024-02-28T07:00:00	563.708	0	0	98.89
2024-02-28T08:00:00	547.145	0	0	104.49
2024-02-28T09:00:00	520.859	0	0	85.46
2024-02-28T10:00:00	490.204	0	0	73.99
2024-02-28T11:00:00	459.202	0	0	67.55
2024-02-28T12:00:00	428.681	0	0	63.93
2024-02-28T13:00:00	414.21	0	0	60.72
2024-02-28T14:00:00	427.517	0	0	61.51
2024-02-28T15:00:00	472.749	0	0	70.43
2024-02-28T16:00:00	529.836	0	0	74.96
2024-02-28T17:00:00	560.037	0	0	93.04
2024-02-28T18:00:00	538.146	0	0	93.24
2024-02-28T19:00:00	527.981	0	0	78.29
2024-02-28T20:00:00	509.998	0	0	65.44
2024-02-28T21:00:00	478.583	0	0	62.59
2024-02-28T22:00:00	459.377	0	0	64.02
2024-02-28T23:00:00	427.422	0	0	55.12
2024-02-29T00:00:00	377.605	0	0	55.11
2024-02-29T01:00:00	346.71	0	0	53.33
2024-02-29T02:00:00	327.58	0	0	50.06
2024-02-29T03:00:00	317.847	0	0	47.03
2024-02-29T04:00:00	309.011	0	0	47.15
2024-02-29T05:00:00	317.479	0	0	53.32
2024-02-29T06:00:00	335.55	0	0	62.03
2024-02-29T07:00:00	339.818	0	0	73.74
2024-02-29T08:00:00	322.799	0	0	73.89
2024-02-29T09:00:00	302.749	0	0	70.39
2024-02-29T10:00:00	274.095	0	0	60.47
2024-02-29T11:00:00	254.071	0	0	55.01
2024-02-29T12:00:00	246.192	0	0	53.98
2024-02-29T13:00:00	247.182	0	0	56.02
2024-02-29T14:00:00	259.562	0	0	55.07
2024-02-29T15:00:00	309.814	0	0	64.96
2024-02-29T16:00:00	369.84	0	0	70.98
2024-02-29T17:00:00	402.702	0	0	81.28
2024-02-29T18:00:00	389.031	0	0	86.26
2024-02-29T19:00:00	377.317	0	0	80.99
2024-02-29T20:00:00	373.866	0	0	72.77
2024-02-29T21:00:00	360.028	0	0	67.25
2024-02-29T22:00:00	360.056	0	0	64.9
2024-02-29T23:00:00	363.171	0	0	60.9
2024-03-01T00:00:00	360.243	0	0	62.04
2024-03-01T01:00:00	358.422	0	0	61.42
2024-03-01T02:00:00	356.066	0	0	58.14
2024-03-01T03:00:00	351.835	0	0	57.83
2024-03-01T04:00:00	352.11	0	0	58.3
2024-03-01T05:00:00	362.899	0	0	62.49
2024-03-01T06:00:00	384.174	0	0	71.58
2024-03-01T07:00:00	389.816	0	0	79.36
2024-03-01T08:00:00	374.746	0	0	83.79
2024-03-01T09:00:00	370.153	0	0	75.88
2024-03-01T10:00:00	361.214	0	0	66.52
2024-03-01T11:00:00	358.387	0	0	64.76
2024-03-01T12:00:00	365.056	0	0	63.08
2024-03-01T13:00:00	372.389	0	0	64.63
2024-03-01T14:00:00	385.834	0	0	67.11
2024-03-01T15:00:00	403.427	0	0	72.57
2024-03-01T16:00:00	429.139	0	0	78.94
2024-03-01T17:00:00	445.541	0	0	89.4
2024-03-01T18:00:00	425.775	0	0	93.73
2024-03-01T19:00:00	424.124	0	0	87.19
2024-03-01T20:00:00	422.686	0	0	77.49
2024-03-01T21:00:00	409.468	0	0	71.62
2024-03-01T22:00:00	398.065	0	0	70.06
2024-03-01T23:00:00	383.291	0	0	66.39
2024-03-02T00:00:00	365.413	0	0	59.95
2024-03-02T01:00:00	360.26	0	0	56.03
2024-03-02T02:00:00	351.391	0	0	56.02
2024-03-02T03:00:00	342.812	0	0	55.48
2024-03-02T04:00:00	348.624	0	0	54.88
2024-03-02T05:00:00	355.671	0	0	55.99
2024-03-02T06:00:00	358.092	0	0	56.58
2024-03-02T07:00:00	358.237	0	0	60.67
2024-03-02T08:00:00	342.607	0	0	63.76
2024-03-02T09:00:00	311.832	0	0	65.75
2024-03-02T10:00:00	275.685	0	0	60.44
2024-03-02T11:00:00	247.025	0	0	59.18
2024-03-02T12:00:00	223.551	0	0	55.83
2024-03-02T13:00:00	216.484	0	0	54.9
2024-03-02T14:00:00	239.938	0	0	59.86
2024-03-02T15:00:00	293.319	0	0	66.08
2024-03-02T16:00:00	360.512	0	0	73
2024-03-02T17:00:00	402.666	0	0	80.63
2024-03-02T18:00:00	378.638	0	0	93.6
2024-03-02T19:00:00	353.529	0	0	89.9
2024-03-02T20:00:00	321.923	0	0	76.98
2024-03-02T21:00:00	296.227	0	0	69.81
2024-03-02T22:00:00	299.139	0	0	60.94
2024-03-02T23:00:00	301.472	0	0	54.99
2024-03-03T00:00:00	306.304	0	0	54.5
2024-03-03T01:00:00	301.976	0	0	53.63
2024-03-03T02:00:00	312.539	0	0	53.8
2024-03-03T03:00:00	317.997	0	0	55.59
2024-03-03T04:00:00	325.144	0	0	55.31
2024-03-03T05:00:00	334.037	0	0	55.82
2024-03-03T06:00:00	349.097	0	0	56
2024-03-03T07:00:00	338.98	0	0	56.88
2024-03-03T08:00:00	302.85	0	0	54.77
2024-03-03T09:00:00	277.86	0	0	53.99
2024-03-03T10:00:00	251.702	0	0	52.01
2024-03-03T11:00:00	239.746	0	0	49.46
2024-03-03T12:00:00	232.416	0	0	47.51
2024-03-03T13:00:00	223.051	0	0	42.51
2024-03-03T14:00:00	229.214	0	0	46.84
2024-03-03T15:00:00	264.344	0	0	54.13
2024-03-03T16:00:00	341.012	0	0	60.28
2024-03-03T17:00:00	423.791	0	0	75.58
2024-03-03T18:00:00	424.722	0	0	84.36
2024-03-03T19:00:00	426.801	0	0	86.96
2024-03-03T20:00:00	436.898	0	0	81.8
2024-03-03T21:00:00	442.654	0	0	75
2024-03-03T22:00:00	454.794	0	0	72.18
2024-03-03T23:00:00	470.609	0	0	72.42
2024-03-04T00:00:00	486.754	0	0	69.13
2024-03-04T01:00:00	504.074	0	0	67.9
2024-03-04T02:00:00	517.506	0	0	67.41
2024-03-04T03:00:00	526.777	0	0	66.22
2024-03-04T04:00:00	544.449	0	0	65.59
2024-03-04T05:00:00	561.894	0	0	70.83
2024-03-04T06:00:00	568.664	0	0	81.18
2024-03-04T07:00:00	548.036	0	0	96.67
2024-03-04T08:00:00	516.571	0	0	102.97
2024-03-04T09:00:00	495.822	0	0	85.02
2024-03-04T10:00:00	475.672	0	0	71.93
2024-03-04T11:00:00	452.469	0	0	64.89
2024-03-04T12:00:00	445.249	0	0	63.93
2024-03-04T13:00:00	452.922	0	0	61.1
2024-03-04T14:00:00	475.829	0	0	62.5
2024-03-04T15:00:00	503.225	0	0	69.86
2024-03-04T16:00:00	531.161	0	0	75.95
2024-03-04T17:00:00	553.197	0	0	90.59
2024-03-04T18:00:00	544.467	0	0	105.18
2024-03-04T19:00:00	540.63	0	0	99.13
2024-03-04T20:00:00	551.186	0	0	80.52
2024-03-04T21:00:00	545.49	0	0	71.39
2024-03-04T22:00:00	534.07	0	0	67.49
2024-03-04T23:00:00	518.276	0	0	63.93
2024-03-05T00:00:00	508.372	0	0	61.96
2024-03-05T01:00:00	503.21	0	0	61.67
2024-03-05T02:00:00	498.736	0	0	61.33
2024-03-05T03:00:00	497.34	0	0	59.86
2024-03-05T04:00:00	504.149	0	0	60.56
2024-03-05T05:00:00	520.247	0	0	61.67
2024-03-05T06:00:00	534.464	0	0	71.53
2024-03-05T07:00:00	531.165	0	0	79.28
2024-03-05T08:00:00	503.929	0	0	83.02
2024-03-05T09:00:00	474.348	0	0	77
2024-03-05T10:00:00	451.599	0	0	71.15
2024-03-05T11:00:00	441.478	0	0	69.72
2024-03-05T12:00:00	447.979	0	0	66.01
2024-03-05T13:00:00	457.714	0	0	65.83
2024-03-05T14:00:00	469.896	0	0	69.61
2024-03-05T15:00:00	485.878	0	0	70.67
2024-03-05T16:00:00	505.503	0	0	76.28
2024-03-05T17:00:00	524.606	0	0	82.07
2024-03-05T18:00:00	510.458	0	0	104.38
2024-03-05T19:00:00	515.602	0	0	112.99
2024-03-05T20:00:00	526.457	0	0	93.12
2024-03-05T21:00:00	536.655	0	0	82.81
2024-03-05T22:00:00	547.255	0	0	76.08
2024-03-05T23:00:00	550.381	0	0	71.83
2024-03-06T00:00:00	555.825	0	0	71
2024-03-06T01:00:00	569.898	0	0	70.7
2024-03-06T02:00:00	578.256	0	0	70.46
2024-03-06T03:00:00	581.85	0	0	69.74
2024-03-06T04:00:00	587.801	0	0	70.46
2024-03-06T05:00:00	596.018	0	0	73.91
2024-03-06T06:00:00	598.756	0	0	83.98
2024-03-06T07:00:00	568.424	0	0	106.64
2024-03-06T08:00:00	542.248	0	0	108.7
2024-03-06T09:00:00	511.551	0	0	87.21
2024-03-06T10:00:00	471.497	0	0	75.92
2024-03-06T11:00:00	438.369	0	0	72.02
2024-03-06T12:00:00	429.834	0	0	69.35
2024-03-06T13:00:00	440.388	0	0	69.29
2024-03-06T14:00:00	468.009	0	0	70.64
2024-03-06T15:00:00	510	0	0	72.26
2024-03-06T16:00:00	559.087	0	0	81.06
2024-03-06T17:00:00	584.421	0	0	100
2024-03-06T18:00:00	573.718	0	0	119.58
2024-03-06T19:00:00	559.324	0	0	119.25
2024-03-06T20:00:00	568.306	0	0	93.4
2024-03-06T21:00:00	575.204	0	0	80.15
2024-03-06T22:00:00	566.674	0	0	77.98
2024-03-06T23:00:00	553.214	0	0	74.34
2024-03-07T00:00:00	542.393	0	0	73.33
2024-03-07T01:00:00	543.781	0	0	72.32
2024-03-07T02:00:00	550.171	0	0	70.34
2024-03-07T03:00:00	555.692	0	0	68.71
2024-03-07T04:00:00	555.436	0	0	69.89
2024-03-07T05:00:00	555.165	0	0	73.13
2024-03-07T06:00:00	557.396	0	0	84.27
2024-03-07T07:00:00	518.779	0	0	103.2
2024-03-07T08:00:00	487.225	0	0	96.7
2024-03-07T09:00:00	450.489	0	0	79.09
2024-03-07T10:00:00	394.756	0	0	71.31
2024-03-07T11:00:00	349.284	0	0	66.16
2024-03-07T12:00:00	325.531	0	0	61.69
2024-03-07T13:00:00	334.253	0	0	60.26
2024-03-07T14:00:00	364.766	0	0	63.33
2024-03-07T15:00:00	407.91	0	0	66.04
2024-03-07T16:00:00	457.172	0	0	69.92
2024-03-07T17:00:00	491.137	0	0	89.2
2024-03-07T18:00:00	471.527	0	0	105.71
2024-03-07T19:00:00	446.887	0	0	90.3
2024-03-07T20:00:00	420.966	0	0	82.49
2024-03-07T21:00:00	407.344	0	0	73.35
2024-03-07T22:00:00	402.18	0	0	73.32
2024-03-07T23:00:00	393.207	0	0	67.72
2024-03-08T00:00:00	382.336	0	0	68.45
2024-03-08T01:00:00	375.431	0	0	66.96
2024-03-08T02:00:00	370.135	0	0	67.01
2024-03-08T03:00:00	366.853	0	0	65.99
2024-03-08T04:00:00	375.985	0	0	66.3
2024-03-08T05:00:00	383.437	0	0	67.11
2024-03-08T06:00:00	388.167	0	0	82.91
2024-03-08T07:00:00	351.817	0	0	95.06
2024-03-08T08:00:00	311.52	0	0	88.89
2024-03-08T09:00:00	262.054	0	0	74.36
2024-03-08T10:00:00	198.622	0	0	57.59
2024-03-08T11:00:00	157.304	0	0	52.05
2024-03-08T12:00:00	140.43	0	0	21.77
2024-03-08T13:00:00	137.925	0	0	4.26
2024-03-08T14:00:00	142.863	0	0	24.2
2024-03-08T15:00:00	155.707	0	0	40.25
2024-03-08T16:00:00	199.918	0	0	55.74
2024-03-08T17:00:00	256.831	0	0	71.98
2024-03-08T18:00:00	261.034	0	0	83.76
2024-03-08T19:00:00	244.4	0	0	79.98
2024-03-08T20:00:00	238.417	0	0	71.46
2024-03-08T21:00:00	230.895	0	0	64.9
2024-03-08T22:00:00	235.761	0	0	65.03
2024-03-08T23:00:00	234.177	0	0	59.89
2024-03-09T00:00:00	226.15	0	0	56.56
2024-03-09T01:00:00	228.967	0	0	54.91
2024-03-09T02:00:00	231.737	0	0	53.72
2024-03-09T03:00:00	231.793	0	0	52.56
2024-03-09T04:00:00	226.576	0	0	48.6
2024-03-09T05:00:00	226.922	0	0	47.79
2024-03-09T06:00:00	233.179	0	0	50.47
2024-03-09T07:00:00	223.659	0	0	53.06
2024-03-09T08:00:00	196.978	0	0	53.06
2024-03-09T09:00:00	164.621	0	0	48.12
2024-03-09T10:00:00	142.347	0	0	32.94
2024-03-09T11:00:00	133.945	0	0	0.2
2024-03-09T12:00:00	132.893	0	0	-1.15
2024-03-09T13:00:00	136.187	0	0	-5.02
2024-03-09T14:00:00	143.332	0	0	-0.04
2024-03-09T15:00:00	159.987	0	0	28.19
2024-03-09T16:00:00	205.739	0	0	52.64
2024-03-09T17:00:00	265.717	0	0	69.49
2024-03-09T18:00:00	281.182	0	0	78.02
2024-03-09T19:00:00	262.203	0	0	74.99
2024-03-09T20:00:00	231.254	0	0	67.26
2024-03-09T21:00:00	224.266	0	0	60.47
2024-03-09T22:00:00	227.639	0	0	60.53
2024-03-09T23:00:00	229.139	0	0	57.29
2024-03-10T00:00:00	223.932	0	0	48.65
2024-03-10T01:00:00	218.373	0	0	46.06
2024-03-10T02:00:00	215.885	0	0	40.98
2024-03-10T03:00:00	217.198	0	0	35.55
2024-03-10T04:00:00	213.307	0	0	32.39
2024-03-10T05:00:00	209.427	0	0	32.28
2024-03-10T06:00:00	205.737	0	0	33.91
2024-03-10T07:00:00	194.653	0	0	39.49
2024-03-10T08:00:00	172.535	0	0	34.82
2024-03-10T09:00:00	165.528	0	0	25.25
2024-03-10T10:00:00	155.176	0	0	2.35
2024-03-10T11:00:00	149.823	0	0	-0.1
2024-03-10T12:00:00	151.516	0	0	-8.24
2024-03-10T13:00:00	155.004	0	0	-9.98
2024-03-10T14:00:00	175.119	0	0	-0.51
2024-03-10T15:00:00	202.133	0	0	14.41
2024-03-10T16:00:00	236.105	0	0	47.96
2024-03-10T17:00:00	259.837	0	0	55.97
2024-03-10T18:00:00	268.747	0	0	66.35
2024-03-10T19:00:00	274.534	0	0	62.32
2024-03-10T20:00:00	278.911	0	0	57.14
2024-03-10T21:00:00	272.689	0	0	53.74
2024-03-10T22:00:00	278.118	0	0	53.08
2024-03-10T23:00:00	276.189	0	0	52.05
2024-03-11T00:00:00	272.244	0	0	48.93
2024-03-11T01:00:00	274.127	0	0	49.33
2024-03-11T02:00:00	279.137	0	0	50.21
2024-03-11T03:00:00	285.235	0	0	49.28
2024-03-11T04:00:00	299.583	0	0	49.99
2024-03-11T05:00:00	319.08	0	0	56.3
2024-03-11T06:00:00	348.362	0	0	76.64
2024-03-11T07:00:00	341.286	0	0	82.6
2024-03-11T08:00:00	316.143	0	0	85.59
2024-03-11T09:00:00	285.809	0	0	80.45
2024-03-11T10:00:00	261.803	0	0	71.2
2024-03-11T11:00:00	242.845	0	0	65.03
2024-03-11T12:00:00	243.289	0	0	60.79
2024-03-11T13:00:00	250.059	0	0	66.25
2024-03-11T14:00:00	286.852	0	0	67
2024-03-11T15:00:00	331.46	0	0	73.47
2024-03-11T16:00:00	382.136	0	0	80.19
2024-03-11T17:00:00	428.665	0	0	91.39
2024-03-11T18:00:00	454.36	0	0	100.7
2024-03-11T19:00:00	469.337	0	0	108.01
2024-03-11T20:00:00	497.635	0	0	87.99
2024-03-11T21:00:00	516.527	0	0	76.71
2024-03-11T22:00:00	525.577	0	0	75.04
2024-03-11T23:00:00	531.532	0	0	67.08
2024-03-12T00:00:00	538.342	0	0	69.19
2024-03-12T01:00:00	538.558	0	0	65.56
2024-03-12T02:00:00	541.195	0	0	66.51
2024-03-12T03:00:00	541.33	0	0	65.2
2024-03-12T04:00:00	551.867	0	0	66.58
2024-03-12T05:00:00	560.43	0	0	71.37
2024-03-12T06:00:00	562.083	0	0	87.06
2024-03-12T07:00:00	533.28	0	0	96.55
2024-03-12T08:00:00	504.477	0	0	100.78
2024-03-12T09:00:00	486.723	0	0	93.81
2024-03-12T10:00:00	469.775	0	0	85.42
2024-03-12T11:00:00	458.237	0	0	80.68
2024-03-12T12:00:00	461.067	0	0	78.44
2024-03-12T13:00:00	469.342	0	0	78.26
2024-03-12T14:00:00	482.618	0	0	79.02
2024-03-12T15:00:00	509.499	0	0	86.34
2024-03-12T16:00:00	534.279	0	0	101.61
2024-03-12T17:00:00	550.872	0	0	113.06
2024-03-12T18:00:00	549.289	0	0	134.92
2024-03-12T19:00:00	547.674	0	0	124.57
2024-03-12T20:00:00	563.742	0	0	97.48
2024-03-12T21:00:00	559.759	0	0	83.63
2024-03-12T22:00:00	549.017	0	0	78.93
2024-03-12T23:00:00	537.151	0	0	70.33
2024-03-13T00:00:00	543.135	0	0	63.93
2024-03-13T01:00:00	534.63	0	0	62.3
2024-03-13T02:00:00	527.363	0	0	61.79
2024-03-13T03:00:00	518.379	0	0	61.37
2024-03-13T04:00:00	517.024	0	0	64
2024-03-13T05:00:00	520.306	0	0	66.8
2024-03-13T06:00:00	514.811	0	0	77.32
2024-03-13T07:00:00	472.854	0	0	88.27
2024-03-13T08:00:00	447.967	0	0	89.91
2024-03-13T09:00:00	428.537	0	0	77.71
2024-03-13T10:00:00	398.817	0	0	68.07
2024-03-13T11:00:00	378.342	0	0	64.85
2024-03-13T12:00:00	371.94	0	0	64.61
2024-03-13T13:00:00	377.828	0	0	64.83
2024-03-13T14:00:00	387.895	0	0	63.96
2024-03-13T15:00:00	409.951	0	0	67.84
2024-03-13T16:00:00	445.517	0	0	73.53
2024-03-13T17:00:00	465.744	0	0	89.91
2024-03-13T18:00:00	455.635	0	0	97.8
2024-03-13T19:00:00	447.487	0	0	94.36
2024-03-13T20:00:00	446.304	0	0	76.98
2024-03-13T21:00:00	437.866	0	0	66.82
2024-03-13T22:00:00	432.007	0	0	68.11
2024-03-13T23:00:00	423.389	0	0	63.88
2024-03-14T00:00:00	389.11	0	0	63.29
2024-03-14T01:00:00	370.947	0	0	56.9
2024-03-14T02:00:00	372.874	0	0	57.52
2024-03-14T03:00:00	373.902	0	0	57
2024-03-14T04:00:00	387.306	0	0	61.4
2024-03-14T05:00:00	407.482	0	0	64.07
2024-03-14T06:00:00	415.436	0	0	75.05
2024-03-14T07:00:00	393.809	0	0	88.06
2024-03-14T08:00:00	374.728	0	0	81.99
2024-03-14T09:00:00	348.399	0	0	65.71
2024-03-14T10:00:00	303.97	0	0	54.32
2024-03-14T11:00:00	260.314	0	0	52.37
2024-03-14T12:00:00	235.407	0	0	52.83
2024-03-14T13:00:00	229.169	0	0	49.16
2024-03-14T14:00:00	236.705	0	0	52.84
2024-03-14T15:00:00	272.073	0	0	58.91
2024-03-14T16:00:00	351.252	0	0	73.21
2024-03-14T17:00:00	407.434	0	0	91.04
2024-03-14T18:00:00	409.611	0	0	114.77
2024-03-14T19:00:00	386.713	0	0	91.04
2024-03-14T20:00:00	366.405	0	0	74.09
2024-03-14T21:00:00	349.696	0	0	62.63
2024-03-14T22:00:00	322.242	0	0	59.62
2024-03-14T23:00:00	290.498	0	0	51.66
2024-03-15T00:00:00	257.743	0	0	48.39
2024-03-15T01:00:00	253.832	0	0	46.58
2024-03-15T02:00:00	255.088	0	0	45.57
2024-03-15T03:00:00	257.024	0	0	43.95
2024-03-15T04:00:00	280.298	0	0	46.96
2024-03-15T05:00:00	296.342	0	0	49.35
2024-03-15T06:00:00	306.666	0	0	62.26
2024-03-15T07:00:00	287.938	0	0	69.53
2024-03-15T08:00:00	255.718	0	0	68.75
2024-03-15T09:00:00	214.694	0	0	53.8
2024-03-15T10:00:00	174.72	0	0	46.56
2024-03-15T11:00:00	160.938	0	0	39.27
2024-03-15T12:00:00	157.726	0	0	38.34
2024-03-15T13:00:00	162.424	0	0	36.87
2024-03-15T14:00:00	172.545	0	0	44.93
2024-03-15T15:00:00	196.059	0	0	51.55
2024-03-15T16:00:00	248.455	0	0	66.7
2024-03-15T17:00:00	289.527	0	0	86.92
2024-03-15T18:00:00	294.941	0	0	82.03
2024-03-15T19:00:00	290.825	0	0	87.99
2024-03-15T20:00:00	285.265	0	0	64.26
2024-03-15T21:00:00	274.103	0	0	55.36
2024-03-15T22:00:00	273.484	0	0	56.35
2024-03-15T23:00:00	246.641	0	0	49.33
2024-03-16T00:00:00	224.204	0	0	44.12
2024-03-16T01:00:00	212.014	0	0	42.01
2024-03-16T02:00:00	211.791	0	0	40.69
2024-03-16T03:00:00	209.598	0	0	38.88
2024-03-16T04:00:00	210.832	0	0	38.67
2024-03-16T05:00:00	210.579	0	0	40.34
2024-03-16T06:00:00	210.628	0	0	47.26
2024-03-16T07:00:00	209.264	0	0	51.31
2024-03-16T08:00:00	201.062	0	0	52.24
2024-03-16T09:00:00	187.533	0	0	47.01
2024-03-16T10:00:00	171.614	0	0	44.88
2024-03-16T11:00:00	159.92	0	0	41.62
2024-03-16T12:00:00	154.203	0	0	36.7
2024-03-16T13:00:00	154.409	0	0	21.02
2024-03-16T14:00:00	160.862	0	0	10.99
2024-03-16T15:00:00	180.525	0	0	31.01
2024-03-16T16:00:00	218.857	0	0	46.98
2024-03-16T17:00:00	272.523	0	0	72.08
2024-03-16T18:00:00	299.659	0	0	81.69
2024-03-16T19:00:00	313.768	0	0	87.31
2024-03-16T20:00:00	324.502	0	0	79.46
2024-03-16T21:00:00	339.022	0	0	72.99
2024-03-16T22:00:00	360.161	0	0	72.31
2024-03-16T23:00:00	379.235	0	0	67.1
2024-03-17T00:00:00	387.683	0	0	64.99
2024-03-17T01:00:00	402.413	0	0	60.49
2024-03-17T02:00:00	419.662	0	0	55.97
2024-03-17T03:00:00	433.491	0	0	58.75
2024-03-17T04:00:00	445.954	0	0	60.45
2024-03-17T05:00:00	457.871	0	0	60.49
2024-03-17T06:00:00	466.314	0	0	62.6
2024-03-17T07:00:00	393.261	0	0	56.6
2024-03-17T08:00:00	289.211	0	0	50.58
2024-03-17T09:00:00	228.597	0	0	47.15
2024-03-17T10:00:00	203.979	0	0	45.4
2024-03-17T11:00:00	193.558	0	0	45.91
2024-03-17T12:00:00	192.165	0	0	41.81
2024-03-17T13:00:00	202.964	0	0	40.15
2024-03-17T14:00:00	221.823	0	0	48.06
2024-03-17T15:00:00	263.424	0	0	56.12
2024-03-17T16:00:00	354.681	0	0	71.76
2024-03-17T17:00:00	404.367	0	0	85.44
2024-03-17T18:00:00	393.458	0	0	94.31
2024-03-17T19:00:00	396.972	0	0	88.29
2024-03-17T20:00:00	404.745	0	0	77.89
2024-03-17T21:00:00	401.948	0	0	72.33
2024-03-17T22:00:00	397.663	0	0	72.1
2024-03-17T23:00:00	384.024	0	0	65.91
2024-03-18T00:00:00	372.26	0	0	64.12
2024-03-18T01:00:00	369.928	0	0	57.14
2024-03-18T02:00:00	371.131	0	0	58.31
2024-03-18T03:00:00	382.248	0	0	59.38
2024-03-18T04:00:00	401.156	0	0	64.38
2024-03-18T05:00:00	437.566	0	0	70.8
2024-03-18T06:00:00	424.188	0	0	86.32
2024-03-18T07:00:00	395.343	0	0	97.87
2024-03-18T08:00:00	383.094	0	0	94.45
2024-03-18T09:00:00	372.779	0	0	82.8
2024-03-18T10:00:00	349.11	0	0	72.84
2024-03-18T11:00:00	319.306	0	0	66.64
2024-03-18T12:00:00	323.259	0	0	67.7
2024-03-18T13:00:00	343.778	0	0	68.3
2024-03-18T14:00:00	382.055	0	0	68.94
2024-03-18T15:00:00	431.239	0	0	73.4
2024-03-18T16:00:00	479.876	0	0	78.98
2024-03-18T17:00:00	513.47	0	0	107.65
2024-03-18T18:00:00	528.02	0	0	145.71
2024-03-18T19:00:00	515.831	0	0	126.53
2024-03-18T20:00:00	520.888	0	0	103.72
2024-03-18T21:00:00	534.877	0	0	81.2
2024-03-18T22:00:00	542.42	0	0	78.38
2024-03-18T23:00:00	545.584	0	0	74.45
2024-03-19T00:00:00	546.599	0	0	72
2024-03-19T01:00:00	542.932	0	0	71.24
2024-03-19T02:00:00	536.88	0	0	71.65
2024-03-19T03:00:00	527.544	0	0	71.55
2024-03-19T04:00:00	519.593	0	0	71.24
2024-03-19T05:00:00	520.32	0	0	71.01
2024-03-19T06:00:00	516.382	0	0	89.5
2024-03-19T07:00:00	463.198	0	0	110.78
2024-03-19T08:00:00	419.757	0	0	95.87
2024-03-19T09:00:00	366.56	0	0	72.02
2024-03-19T10:00:00	297.743	0	0	65.36
2024-03-19T11:00:00	252.79	0	0	58.82
2024-03-19T12:00:00	239.822	0	0	54.47
2024-03-19T13:00:00	253.737	0	0	56.72
2024-03-19T14:00:00	292.529	0	0	60.48
2024-03-19T15:00:00	369.64	0	0	70.05
2024-03-19T16:00:00	444.634	0	0	73.7
2024-03-19T17:00:00	492.689	0	0	103.95
2024-03-19T18:00:00	512.598	0	0	131.42
2024-03-19T19:00:00	507.172	0	0	128.96
2024-03-19T20:00:00	516.937	0	0	110
2024-03-19T21:00:00	545.341	0	0	89.02
2024-03-19T22:00:00	554.857	0	0	81.72
2024-03-19T23:00:00	560.409	0	0	76.1
2024-03-20T00:00:00	567.73	0	0	76.01
2024-03-20T01:00:00	574.877	0	0	73.4
2024-03-20T02:00:00	581.837	0	0	74.9
2024-03-20T03:00:00	582.932	0	0	75.7
2024-03-20T04:00:00	590.784	0	0	76.36
2024-03-20T05:00:00	598.178	0	0	80.9
2024-03-20T06:00:00	584.135	0	0	116
2024-03-20T07:00:00	524.432	0	0	116.24
2024-03-20T08:00:00	448.953	0	0	98.33
2024-03-20T09:00:00	384.829	0	0	70.63
2024-03-20T10:00:00	334.884	0	0	66
2024-03-20T11:00:00	311.956	0	0	65.39
2024-03-20T12:00:00	301.658	0	0	61.43
2024-03-20T13:00:00	312.302	0	0	63.95
2024-03-20T14:00:00	348.962	0	0	64.35
2024-03-20T15:00:00	423.947	0	0	70.78
2024-03-20T16:00:00	500.092	0	0	87.07
2024-03-20T17:00:00	557.423	0	0	119.68
2024-03-20T18:00:00	580.411	0	0	168.54
2024-03-20T19:00:00	573.867	0	0	159.05
2024-03-20T20:00:00	574.6	0	0	124.95
2024-03-20T21:00:00	571.034	0	0	106.52
2024-03-20T22:00:00	564.353	0	0	96.07
2024-03-20T23:00:00	551.299	0	0	79.98
2024-03-21T00:00:00	535.467	0	0	76.18
2024-03-21T01:00:00	513.44	0	0	73.37
2024-03-21T02:00:00	485.906	0	0	71.55
2024-03-21T03:00:00	442.123	0	0	71.32
2024-03-21T04:00:00	424.752	0	0	71
2024-03-21T05:00:00	431.844	0	0	73.51
2024-03-21T06:00:00	441.933	0	0	89.26
2024-03-21T07:00:00	417.764	0	0	98.21
2024-03-21T08:00:00	393.291	0	0	102.29
2024-03-21T09:00:00	377.56	0	0	80
2024-03-21T10:00:00	351.201	0	0	72.41
2024-03-21T11:00:00	327.992	0	0	68.03
2024-03-21T12:00:00	323.031	0	0	64.64
2024-03-21T13:00:00	307.424	0	0	59.96
2024-03-21T14:00:00	298.325	0	0	66.85
2024-03-21T15:00:00	331.804	0	0	66.28
2024-03-21T16:00:00	389.244	0	0	75.27
2024-03-21T17:00:00	438.268	0	0	100.9
2024-03-21T18:00:00	457.993	0	0	127.13
2024-03-21T19:00:00	464.359	0	0	122.85
2024-03-21T20:00:00	468.032	0	0	94.04
2024-03-21T21:00:00	461.714	0	0	79.6
2024-03-21T22:00:00	434.03	0	0	77.48
2024-03-21T23:00:00	390.856	0	0	71.23
2024-03-22T00:00:00	339.781	0	0	56.34
2024-03-22T01:00:00	303.245	0	0	52.24
2024-03-22T02:00:00	284.523	0	0	49.69
2024-03-22T03:00:00	278.523	0	0	51.83
2024-03-22T04:00:00	282.37	0	0	52.8
2024-03-22T05:00:00	305.859	0	0	59.89
2024-03-22T06:00:00	314.361	0	0	74.1
2024-03-22T07:00:00	297.215	0	0	67.39
2024-03-22T08:00:00	263.672	0	0	68.09
2024-03-22T09:00:00	229.055	0	0	56.32
2024-03-22T10:00:00	191.738	0	0	51.81
2024-03-22T11:00:00	181.293	0	0	49.85
2024-03-22T12:00:00	186.983	0	0	49.76
2024-03-22T13:00:00	196.95	0	0	51.49
2024-03-22T14:00:00	224.451	0	0	52.39
2024-03-22T15:00:00	263.184	0	0	59.97
2024-03-22T16:00:00	300.647	0	0	76.87
2024-03-22T17:00:00	341.232	0	0	88.98
2024-03-22T18:00:00	365.48	0	0	121.59
2024-03-22T19:00:00	377.713	0	0	118.71
2024-03-22T20:00:00	395.622	0	0	95
2024-03-22T21:00:00	412.96	0	0	82.25
2024-03-22T22:00:00	414.241	0	0	80.15
2024-03-22T23:00:00	418.242	0	0	77.47
2024-03-23T00:00:00	401.303	0	0	77.77
2024-03-23T01:00:00	393.668	0	0	72.47
2024-03-23T02:00:00	380.384	0	0	65.92
2024-03-23T03:00:00	359.722	0	0	63.98
2024-03-23T04:00:00	341.059	0	0	59.84
2024-03-23T05:00:00	325.427	0	0	61.44
2024-03-23T06:00:00	297.651	0	0	58.34
2024-03-23T07:00:00	257.952	0	0	52.82
2024-03-23T08:00:00	215.317	0	0	39.12
2024-03-23T09:00:00	182.907	0	0	13.2
2024-03-23T10:00:00	157.41	0	0	0.02
2024-03-23T11:00:00	144.008	0	0	-0.05
2024-03-23T12:00:00	132.565	0	0	-1.94
2024-03-23T13:00:00	130.44	0	0	-5.71
2024-03-23T14:00:00	131.213	0	0	-8.45
2024-03-23T15:00:00	137.732	0	0	-1.46
2024-03-23T16:00:00	153.585	0	0	0.07
2024-03-23T17:00:00	187.796	0	0	47.8
2024-03-23T18:00:00	222.83	0	0	70.09
2024-03-23T19:00:00	228.404	0	0	69.15
2024-03-23T20:00:00	217.123	0	0	52.94
2024-03-23T21:00:00	207.923	0	0	45.84
2024-03-23T22:00:00	193.456	0	0	40.28
2024-03-23T23:00:00	186.995	0	0	28.39
2024-03-24T00:00:00	187.794	0	0	32.1
2024-03-24T01:00:00	187.673	0	0	13.28
2024-03-24T02:00:00	185.38	0	0	10.13
2024-03-24T03:00:00	184.494	0	0	17
2024-03-24T04:00:00	184.197	0	0	19.92
2024-03-24T05:00:00	183.796	0	0	26.82
2024-03-24T06:00:00	178.761	0	0	14.87
2024-03-24T07:00:00	167.047	0	0	1.96
2024-03-24T08:00:00	156.393	0	0	0
2024-03-24T09:00:00	143.822	0	0	0
2024-03-24T10:00:00	137.897	0	0	0
2024-03-24T11:00:00	134.941	0	0	0
2024-03-24T12:00:00	133.158	0	0	0
2024-03-24T13:00:00	137.833	0	0	0
2024-03-24T14:00:00	141.653	0	0	0
2024-03-24T15:00:00	146.798	0	0	0
2024-03-24T16:00:00	160.127	0	0	16.69
2024-03-24T17:00:00	193.906	0	0	59.4
2024-03-24T18:00:00	224.772	0	0	75
2024-03-24T19:00:00	236.091	0	0	74.9
2024-03-24T20:00:00	231.007	0	0	66.9
2024-03-24T21:00:00	218.809	0	0	64.77
2024-03-24T22:00:00	235.593	0	0	64.27
2024-03-24T23:00:00	252.277	0	0	62.97
2024-03-25T00:00:00	265.475	0	0	62.51
2024-03-25T01:00:00	276.283	0	0	62.29
2024-03-25T02:00:00	283.493	0	0	62.48
2024-03-25T03:00:00	314.303	0	0	64.51
2024-03-25T04:00:00	344.972	0	0	66.96
2024-03-25T05:00:00	384.48	0	0	77.14
2024-03-25T06:00:00	402.202	0	0	88.43
2024-03-25T07:00:00	381.892	0	0	113.87
2024-03-25T08:00:00	360.128	0	0	99.68
2024-03-25T09:00:00	323.315	0	0	77.43
2024-03-25T10:00:00	273.66	0	0	70.05
2024-03-25T11:00:00	257.001	0	0	63.66
2024-03-25T12:00:00	248.255	0	0	61.85
2024-03-25T13:00:00	253.314	0	0	63.22
2024-03-25T14:00:00	264.782	0	0	64.52
2024-03-25T15:00:00	310.068	0	0	73.97
2024-03-25T16:00:00	394.914	0	0	81.05
2024-03-25T17:00:00	490.25	0	0	111.88
2024-03-25T18:00:00	528.578	0	0	174.7
2024-03-25T19:00:00	520.212	0	0	149.75
2024-03-25T20:00:00	497.659	0	0	102.73
2024-03-25T21:00:00	475.609	0	0	82.39
2024-03-25T22:00:00	465.585	0	0	79.56
2024-03-25T23:00:00	449.456	0	0	74.74
2024-03-26T00:00:00	415.037	0	0	79.9
2024-03-26T01:00:00	391.496	0	0	73.3
2024-03-26T02:00:00	375.296	0	0	68.91
2024-03-26T03:00:00	363.609	0	0	67.98
2024-03-26T04:00:00	360.276	0	0	70.07
2024-03-26T05:00:00	368.854	0	0	72.28
2024-03-26T06:00:00	359.898	0	0	80.38
2024-03-26T07:00:00	325.315	0	0	79.2
2024-03-26T08:00:00	291.785	0	0	72.1
2024-03-26T09:00:00	257.273	0	0	62
2024-03-26T10:00:00	230.006	0	0	49.5
2024-03-26T11:00:00	220.139	0	0	37.03
2024-03-26T12:00:00	220.847	0	0	11.49
2024-03-26T13:00:00	224.354	0	0	27.35
2024-03-26T14:00:00	233.404	0	0	37.1
2024-03-26T15:00:00	264.432	0	0	51.93
2024-03-26T16:00:00	301.19	0	0	68.06
2024-03-26T17:00:00	345.477	0	0	81.05
2024-03-26T18:00:00	346.043	0	0	100.75
2024-03-26T19:00:00	341.561	0	0	100.3
2024-03-26T20:00:00	343.647	0	0	80
2024-03-26T21:00:00	350.157	0	0	77.05
2024-03-26T22:00:00	353.472	0	0	72.82
2024-03-26T23:00:00	353.526	0	0	66.92
2024-03-27T00:00:00	331.871	0	0	58.35
2024-03-27T01:00:00	320.453	0	0	57.09
2024-03-27T02:00:00	329.088	0	0	57.28
2024-03-27T03:00:00	338.093	0	0	57.79
2024-03-27T04:00:00	347.548	0	0	60.03
2024-03-27T05:00:00	364.789	0	0	72.38
2024-03-27T06:00:00	354.137	0	0	81.17
2024-03-27T07:00:00	320.535	0	0	82.78
2024-03-27T08:00:00	292.898	0	0	80.01
2024-03-27T09:00:00	271.509	0	0	68.12
2024-03-27T10:00:00	248.978	0	0	63.9
2024-03-27T11:00:00	243.336	0	0	57.13
2024-03-27T12:00:00	250.346	0	0	57.66
2024-03-27T13:00:00	257.606	0	0	60
2024-03-27T14:00:00	280.79	0	0	67.8
2024-03-27T15:00:00	331.187	0	0	78.93
2024-03-27T16:00:00	378.535	0	0	84.14
2024-03-27T17:00:00	405.811	0	0	100.53
2024-03-27T18:00:00	409.144	0	0	125.93
2024-03-27T19:00:00	403.936	0	0	118.94
2024-03-27T20:00:00	405.001	0	0	99.42
2024-03-27T21:00:00	418.199	0	0	84.25
2024-03-27T22:00:00	408.839	0	0	83.02
2024-03-27T23:00:00	401.114	0	0	74.47
2024-03-28T00:00:00	387.45	0	0	79.09
2024-03-28T01:00:00	379.044	0	0	72.6
2024-03-28T02:00:00	369.231	0	0	65.24
2024-03-28T03:00:00	350.439	0	0	64.41
2024-03-28T04:00:00	330.609	0	0	66.69
2024-03-28T05:00:00	321.796	0	0	71.6
2024-03-28T06:00:00	309.229	0	0	82.07
2024-03-28T07:00:00	266.452	0	0	83.19
2024-03-28T08:00:00	239.497	0	0	80.92
2024-03-28T09:00:00	219.847	0	0	63.24
2024-03-28T10:00:00	200.97	0	0	47.07
2024-03-28T11:00:00	185.774	0	0	37
2024-03-28T12:00:00	162.964	0	0	6.74
2024-03-28T13:00:00	150.83	0	0	0.05
2024-03-28T14:00:00	145.034	0	0	0.04
2024-03-28T15:00:00	148.699	0	0	9.82
2024-03-28T16:00:00	161.546	0	0	33.17
2024-03-28T17:00:00	181.674	0	0	52.72
2024-03-28T18:00:00	207.975	0	0	73.97
2024-03-28T19:00:00	219	0	0	70.33
2024-03-28T20:00:00	211.674	0	0	62.54
2024-03-28T21:00:00	208.089	0	0	51.83
2024-03-28T22:00:00	200.223	0	0	33.05
2024-03-28T23:00:00	189.215	0	0	25
2024-03-29T00:00:00	182.673	0	0	20.6
2024-03-29T01:00:00	177.226	0	0	18.83
2024-03-29T02:00:00	180.504	0	0	12.43
2024-03-29T03:00:00	181.827	0	0	10.24
2024-03-29T04:00:00	181.816	0	0	12.59
2024-03-29T05:00:00	181.686	0	0	14.32
2024-03-29T06:00:00	177.166	0	0	22.02
2024-03-29T07:00:00	170.719	0	0	22.39
2024-03-29T08:00:00	167.369	0	0	15.94
2024-03-29T09:00:00	164.263	0	0	13.28
2024-03-29T10:00:00	163.947	0	0	16.88
2024-03-29T11:00:00	161.092	0	0	18.83
2024-03-29T12:00:00	158.341	0	0	13
2024-03-29T13:00:00	159.658	0	0	9.86
2024-03-29T14:00:00	166.817	0	0	13.44
2024-03-29T15:00:00	186.269	0	0	21.58
2024-03-29T16:00:00	230.673	0	0	49.5
2024-03-29T17:00:00	295.036	0	0	79.93
2024-03-29T18:00:00	337.618	0	0	101.97
2024-03-29T19:00:00	343.304	0	0	105.45
2024-03-29T20:00:00	341.709	0	0	87.4
2024-03-29T21:00:00	340.681	0	0	79.93
2024-03-29T22:00:00	336.406	0	0	75.89
2024-03-29T23:00:00	342.281	0	0	70
2024-03-30T00:00:00	344.565	0	0	69.3
2024-03-30T01:00:00	346.874	0	0	58.16
2024-03-30T02:00:00	352.943	0	0	58.88
2024-03-30T03:00:00	340.885	0	0	58.95
2024-03-30T04:00:00	339.511	0	0	59.23
2024-03-30T05:00:00	341.406	0	0	65.05
2024-03-30T06:00:00	325.739	0	0	58.57
2024-03-30T07:00:00	281.455	0	0	47.79
2024-03-30T08:00:00	265.749	0	0	45.23
2024-03-30T09:00:00	242.93	0	0	43.38
2024-03-30T10:00:00	220.814	0	0	34.49
2024-03-30T11:00:00	213.051	0	0	23.21
2024-03-30T12:00:00	218.499	0	0	14.76
2024-03-30T13:00:00	232.029	0	0	6.85
2024-03-30T14:00:00	252.618	0	0	15.87
2024-03-30T15:00:00	274.988	0	0	34.2
2024-03-30T16:00:00	315.303	0	0	52.52
2024-03-30T17:00:00	320.691	0	0	77.75
2024-03-30T18:00:00	324.137	0	0	88.11
2024-03-30T19:00:00	339.327	0	0	83.53
2024-03-30T20:00:00	357.461	0	0	74.11
2024-03-30T21:00:00	379.457	0	0	71.47
2024-03-30T22:00:00	389.359	0	0	70.83
2024-03-30T23:00:00	392.539	0	0	65.74
2024-03-31T00:00:00	406.274	0	0	75.7
2024-03-31T01:00:00	408.831	0	0	66.71
2024-03-31T03:00:00	377.344	0	0	64.98
2024-03-31T04:00:00	366.665	0	0	60.48
2024-03-31T05:00:00	368.62	0	0	58.74
2024-03-31T06:00:00	372.868	0	0	64.46
2024-03-31T07:00:00	364.001	0	0	71.51
2024-03-31T08:00:00	316.604	0	0	65.03
2024-03-31T09:00:00	270.126	0	0	50.32
2024-03-31T10:00:00	228.806	0	0	41.03
2024-03-31T11:00:00	197.812	0	0	29.52
2024-03-31T12:00:00	183.772	0	0	19.85
2024-03-31T13:00:00	182.513	0	0	3.06
2024-03-31T14:00:00	184.563	0	0	1.03
2024-03-31T15:00:00	198.781	0	0	15.27
2024-03-31T16:00:00	216.22	0	0	41.07
2024-03-31T17:00:00	255.89	0	0	66.74
2024-03-31T18:00:00	313.229	0	0	89.32
2024-03-31T19:00:00	333.41	0	0	117.29
2024-03-31T20:00:00	323.95	0	0	83.72
2024-03-31T21:00:00	319.159	0	0	70
2024-03-31T22:00:00	320.888	0	0	64.51
2024-03-31T23:00:00	306.97	0	0	54.9
2024-04-01T00:00:00	319.468	0	0	49.95
